,actual,predicted,prob_down,prob_ranging,prob_up,confidence
2023-02-14,Down,Down,0.339885,0.32990035,0.3302146,0.339885
2023-02-15,Down,Down,0.33890358,0.3308071,0.33028927,0.33890358
2023-02-16,Down,Down,0.34150577,0.3272865,0.33120778,0.34150577
2023-02-17,Down,Down,0.34057325,0.3273436,0.33208314,0.34057325
2023-02-20,Ranging,Down,0.33631727,0.33049566,0.33318707,0.33631727
2023-02-21,Ranging,Down,0.3376305,0.3320467,0.33032277,0.3376305
2023-02-22,Up,Down,0.33816317,0.33189854,0.32993832,0.33816317
2023-02-23,Up,Down,0.34202012,0.3239826,0.33399725,0.34202012
2023-02-24,Up,Down,0.33885652,0.32603073,0.33511278,0.33885652
2023-02-27,Up,Down,0.34296227,0.32405734,0.3329804,0.34296227
2023-02-28,Up,Down,0.3383345,0.331255,0.33041048,0.3383345
2023-03-01,Up,Down,0.3355169,0.33447567,0.33000746,0.3355169
2023-03-02,Ranging,Down,0.33931875,0.32819095,0.33249035,0.33931875
2023-03-03,Down,Down,0.33939973,0.3290181,0.33158222,0.33939973
2023-03-06,Down,Down,0.3385276,0.32569414,0.33577827,0.3385276
2023-03-07,Down,Down,0.34313223,0.3256947,0.33117306,0.34313223
2023-03-08,Down,Up,0.33727717,0.3233617,0.33936113,0.33936113
2023-03-09,Down,Down,0.34276605,0.32528841,0.33194554,0.34276605
2023-03-10,Down,Ranging,0.33543003,0.33795178,0.3266182,0.33795178
2023-03-13,Up,Down,0.3414064,0.3271574,0.3314362,0.3414064
2023-03-14,Up,Up,0.3350781,0.32055786,0.34436405,0.34436405
2023-03-15,Up,Down,0.34983668,0.3074642,0.34269914,0.34983668
2023-03-16,Up,Up,0.3389842,0.31433457,0.3466812,0.3466812
2023-03-17,Up,Down,0.35464373,0.31090736,0.33444896,0.35464373
2023-03-20,Up,Down,0.34456515,0.32070035,0.3347345,0.34456515
2023-03-21,Ranging,Down,0.350411,0.3026159,0.34697312,0.350411
2023-03-22,Down,Down,0.3575354,0.31142378,0.3310408,0.3575354
2023-03-23,Ranging,Down,0.3485988,0.31868783,0.3327134,0.3485988
2023-03-24,Up,Down,0.3567165,0.31326863,0.3300149,0.3567165
2023-03-27,Up,Down,0.3420957,0.31720564,0.34069863,0.3420957
2023-03-28,Up,Down,0.3427577,0.31836724,0.338875,0.3427577
2023-03-29,Up,Down,0.34232208,0.32921755,0.32846034,0.34232208
2023-03-30,Up,Up,0.33376002,0.320786,0.345454,0.345454
2023-03-31,Ranging,Down,0.33629015,0.32809642,0.33561343,0.33629015
2023-04-03,Down,Up,0.33381823,0.31783655,0.34834525,0.34834525
2023-04-04,Ranging,Down,0.3413725,0.3283427,0.33028483,0.3413725
2023-04-05,Up,Down,0.3430502,0.3281898,0.32876003,0.3430502
2023-04-06,Up,Down,0.34312904,0.33134937,0.3255216,0.34312904
2023-04-07,Up,Down,0.34826207,0.32540908,0.32632884,0.34826207
2023-04-10,Up,Down,0.34872586,0.33117336,0.3201008,0.34872586
2023-04-11,Up,Ranging,0.33461985,0.33829942,0.32708076,0.33829942
2023-04-12,Ranging,Down,0.33859444,0.33395386,0.32745165,0.33859444
2023-04-13,Ranging,Down,0.33746126,0.33404723,0.32849148,0.33746126
2023-04-14,Down,Ranging,0.33484572,0.3390542,0.32610008,0.3390542
2023-04-17,Ranging,Up,0.32904255,0.33445254,0.33650488,0.33650488
2023-04-18,Up,Up,0.32624474,0.3362938,0.3374614,0.3374614
2023-04-19,Up,Up,0.32960764,0.33438408,0.33600828,0.33600828
2023-04-20,Up,Up,0.33191976,0.33273864,0.3353416,0.3353416
2023-04-21,Up,Ranging,0.33056417,0.3355287,0.33390713,0.3355287
2023-04-24,Up,Down,0.3339699,0.33280042,0.3332297,0.3339699
2023-04-25,Up,Up,0.32988754,0.33353,0.33658248,0.33658248
2023-04-26,Up,Up,0.32307088,0.33751076,0.33941832,0.33941832
2023-04-27,Ranging,Ranging,0.32516325,0.34104845,0.33378828,0.34104845
2023-04-28,Up,Ranging,0.32913277,0.338604,0.33226323,0.338604
2023-05-01,Up,Ranging,0.33085957,0.34403682,0.32510358,0.34403682
2023-05-02,Up,Ranging,0.33025628,0.3400079,0.32973588,0.3400079
2023-05-03,Up,Ranging,0.3359867,0.33876103,0.32525223,0.33876103
2023-05-04,Up,Ranging,0.33125097,0.3438746,0.32487443,0.3438746
2023-05-05,Up,Ranging,0.33391204,0.34867132,0.31741667,0.34867132
2023-05-08,Up,Ranging,0.3283494,0.33881876,0.33283177,0.33881876
2023-05-09,Up,Ranging,0.32837316,0.34243354,0.3291933,0.34243354
2023-05-10,Ranging,Up,0.33007666,0.33342043,0.33650294,0.33650294
2023-05-11,Up,Ranging,0.32962546,0.34280556,0.32756895,0.34280556
2023-05-12,Up,Ranging,0.3259758,0.34354067,0.33048347,0.34354067
2023-05-15,Up,Up,0.3325195,0.32858238,0.33889815,0.33889815
2023-05-16,Up,Ranging,0.326005,0.33918408,0.33481094,0.33918408
2023-05-17,Ranging,Up,0.32345635,0.33530104,0.34124264,0.34124264
2023-05-18,Down,Ranging,0.3305536,0.33705193,0.3323945,0.33705193
2023-05-19,Ranging,Down,0.3353143,0.32980606,0.33487967,0.3353143
2023-05-22,Ranging,Ranging,0.33011195,0.3399415,0.32994655,0.3399415
2023-05-23,Ranging,Up,0.33397073,0.3279172,0.33811212,0.33811212
2023-05-24,Up,Down,0.33537632,0.3318316,0.3327921,0.33537632
2023-05-25,Ranging,Ranging,0.33245146,0.33458796,0.33296058,0.33458796
2023-05-26,Down,Down,0.33751613,0.33463973,0.32784414,0.33751613
2023-05-29,Ranging,Down,0.33910477,0.32494318,0.33595204,0.33910477
2023-05-30,Down,Ranging,0.33062512,0.34121385,0.32816103,0.34121385
2023-05-31,Down,Down,0.33637396,0.33155116,0.33207485,0.33637396
2023-06-01,Ranging,Ranging,0.3331289,0.341337,0.32553414,0.341337
2023-06-02,Ranging,Up,0.33610255,0.32771912,0.3361784,0.3361784
2023-06-05,Down,Up,0.32970554,0.33238864,0.33790585,0.33790585
2023-06-06,Ranging,Up,0.33121657,0.3342977,0.33448574,0.33448574
2023-06-07,Ranging,Up,0.3333634,0.33003685,0.33659977,0.33659977
2023-06-08,Down,Ranging,0.33400226,0.33581033,0.3301874,0.33581033
2023-06-09,Down,Ranging,0.33540156,0.33573696,0.32886145,0.33573696
2023-06-12,Down,Down,0.33854142,0.3337107,0.32774785,0.33854142
2023-06-13,Down,Down,0.3381549,0.33415046,0.32769465,0.3381549
2023-06-14,Down,Ranging,0.33776084,0.34089923,0.32134,0.34089923
2023-06-15,Ranging,Ranging,0.33267674,0.34099576,0.3263275,0.34099576
2023-06-16,Down,Ranging,0.33104023,0.33857888,0.33038092,0.33857888
2023-06-19,Up,Up,0.32990298,0.3308685,0.33922854,0.33922854
2023-06-20,Up,Ranging,0.332977,0.3341588,0.33286414,0.3341588
2023-06-21,Up,Up,0.33112335,0.3342595,0.3346172,0.3346172
2023-06-22,Up,Up,0.32988667,0.3344151,0.33569822,0.33569822
2023-06-23,Up,Down,0.33610067,0.3313413,0.33255807,0.33610067
2023-06-26,Up,Up,0.33505657,0.32703367,0.33790973,0.33790973
2023-06-27,Up,Up,0.33074868,0.33456337,0.33468795,0.33468795
2023-06-28,Up,Ranging,0.33704904,0.33760893,0.325342,0.33760893
2023-06-29,Up,Ranging,0.3382563,0.34490958,0.31683406,0.34490958
2023-06-30,Up,Down,0.345041,0.33712313,0.31783587,0.345041
2023-07-03,Up,Down,0.339919,0.33158046,0.3285005,0.339919
2023-07-04,Ranging,Down,0.3397349,0.33563215,0.324633,0.3397349
2023-07-05,Down,Down,0.34704077,0.3272961,0.32566315,0.34704077
2023-07-06,Down,Down,0.3406653,0.32923144,0.33010322,0.3406653
2023-07-07,Up,Ranging,0.33210406,0.342707,0.32518896,0.342707
2023-07-10,Up,Ranging,0.33149716,0.33815688,0.330346,0.33815688
2023-07-11,Up,Ranging,0.33200663,0.3403485,0.32764485,0.3403485
2023-07-12,Up,Down,0.3371576,0.33433115,0.32851127,0.3371576
2023-07-13,Up,Ranging,0.33200294,0.34132418,0.32667288,0.34132418
2023-07-14,Up,Ranging,0.33225828,0.34066445,0.32707727,0.34066445
2023-07-17,Up,Ranging,0.32948327,0.3436909,0.3268258,0.3436909
2023-07-18,Up,Ranging,0.32810193,0.3362146,0.33568347,0.3362146
2023-07-19,Up,Ranging,0.33062354,0.33554202,0.33383447,0.33554202
2023-07-20,Down,Ranging,0.331526,0.34266564,0.32580838,0.34266564
2023-07-21,Ranging,Ranging,0.33066496,0.34605423,0.32328084,0.34605423
2023-07-24,Up,Up,0.3292371,0.3353701,0.3353928,0.3353928
2023-07-25,Ranging,Ranging,0.3274848,0.33874306,0.33377215,0.33874306
2023-07-26,Down,Ranging,0.32986158,0.3358181,0.33432034,0.3358181
2023-07-27,Down,Down,0.33595058,0.33580247,0.32824695,0.33595058
2023-07-28,Down,Ranging,0.33137155,0.34069684,0.32793158,0.34069684
2023-07-31,Down,Down,0.33883065,0.330578,0.3305914,0.33883065
2023-08-01,Down,Down,0.33697483,0.33586815,0.32715702,0.33697483
2023-08-02,Down,Down,0.3419365,0.33059135,0.32747215,0.3419365
2023-08-03,Up,Up,0.33583194,0.32729638,0.33687165,0.33687165
2023-08-04,Down,Up,0.33525085,0.32753083,0.33721828,0.33721828
2023-08-07,Down,Down,0.33704495,0.32913348,0.33382156,0.33704495
2023-08-08,Down,Down,0.33957955,0.32926467,0.33115575,0.33957955
2023-08-09,Down,Down,0.33784327,0.3245142,0.33764252,0.33784327
2023-08-10,Down,Down,0.34154746,0.3330764,0.3253761,0.34154746
2023-08-11,Ranging,Down,0.34064353,0.322273,0.33708352,0.34064353
2023-08-14,Down,Down,0.3366461,0.32986006,0.3334938,0.3366461
2023-08-15,Down,Down,0.3372813,0.33191776,0.33080095,0.3372813
2023-08-16,Up,Down,0.33921656,0.3280844,0.33269906,0.33921656
2023-08-17,Up,Down,0.34152746,0.326937,0.33153552,0.34152746
2023-08-18,Up,Down,0.33708286,0.3302262,0.33269092,0.33708286
2023-08-21,Up,Ranging,0.33488983,0.34076855,0.32434165,0.34076855
2023-08-22,Up,Down,0.3375141,0.3354875,0.32699835,0.3375141
2023-08-23,Down,Ranging,0.33607426,0.33762863,0.3262971,0.33762863
2023-08-24,Down,Down,0.3460646,0.3260939,0.3278415,0.3460646
2023-08-25,Ranging,Down,0.33585918,0.3321915,0.33194935,0.33585918
2023-08-28,Ranging,Up,0.33209348,0.33169958,0.33620697,0.33620697
2023-08-29,Ranging,Up,0.33578122,0.32519066,0.33902818,0.33902818
2023-08-30,Ranging,Up,0.33485842,0.32663527,0.3385063,0.3385063
2023-08-31,Up,Down,0.33701074,0.33154827,0.33144102,0.33701074
2023-09-01,Ranging,Up,0.3324786,0.32944623,0.33807516,0.33807516
2023-09-04,Up,Ranging,0.343898,0.3447986,0.31130338,0.3447986
2023-09-05,Up,Down,0.33763507,0.32550544,0.33685952,0.33763507
2023-09-06,Up,Up,0.3372709,0.32419896,0.3385302,0.3385302
2023-09-07,Up,Down,0.34563226,0.33544445,0.3189233,0.34563226
2023-09-08,Up,Down,0.34344503,0.34204262,0.31451228,0.34344503
2023-09-11,Up,Down,0.34111947,0.33589554,0.32298493,0.34111947
2023-09-12,Ranging,Ranging,0.33217177,0.33603987,0.3317883,0.33603987
2023-09-13,Ranging,Ranging,0.33283395,0.33506212,0.33210394,0.33506212
2023-09-14,Down,Ranging,0.33583274,0.34024468,0.32392254,0.34024468
2023-09-15,Down,Down,0.3340315,0.33259842,0.33337012,0.3340315
2023-09-18,Down,Ranging,0.33389685,0.3362033,0.32989985,0.3362033
2023-09-19,Down,Ranging,0.3301036,0.3420199,0.3278765,0.3420199
2023-09-20,Down,Ranging,0.33417317,0.33431673,0.33151007,0.33431673
2023-09-21,Down,Ranging,0.3325186,0.33531487,0.33216652,0.33531487
2023-09-22,Ranging,Up,0.33280337,0.3330808,0.3341158,0.3341158
2023-09-25,Down,Up,0.3324349,0.32545003,0.3421151,0.3421151
2023-09-26,Down,Down,0.33775425,0.32629213,0.3359536,0.33775425
2023-09-27,Down,Up,0.33711827,0.3248251,0.33805662,0.33805662
2023-09-28,Ranging,Down,0.34222743,0.32343993,0.33433264,0.34222743
2023-09-29,Down,Ranging,0.33784112,0.33891645,0.32324237,0.33891645
2023-10-02,Down,Down,0.34290776,0.3335935,0.3234988,0.34290776
2023-10-03,Up,Down,0.3407682,0.33151203,0.3277198,0.3407682
2023-10-04,Up,Down,0.34078416,0.3307331,0.32848275,0.34078416
2023-10-05,Up,Ranging,0.33478624,0.33665887,0.3285549,0.33665887
2023-10-06,Up,Ranging,0.3374359,0.3376426,0.32492146,0.3376426
2023-10-09,Up,Down,0.34619898,0.33232808,0.32147294,0.34619898
2023-10-10,Ranging,Down,0.34269863,0.33634847,0.3209529,0.34269863
2023-10-11,Down,Down,0.34479493,0.33656564,0.31863943,0.34479493
2023-10-12,Down,Down,0.34556812,0.3254452,0.32898661,0.34556812
2023-10-13,Down,Down,0.35141307,0.32649493,0.32209203,0.35141307
2023-10-16,Down,Down,0.33916515,0.32960403,0.33123085,0.33916515
2023-10-17,Down,Down,0.34631923,0.32149568,0.33218506,0.34631923
2023-10-18,Down,Down,0.35013464,0.32080212,0.3290632,0.35013464
2023-10-19,Down,Down,0.34414777,0.322906,0.33294627,0.34414777
2023-10-20,Down,Down,0.34856388,0.32613954,0.32529655,0.34856388
2023-10-23,Down,Down,0.33637172,0.32858154,0.33504677,0.33637172
2023-10-24,Down,Up,0.33340776,0.32003424,0.34655797,0.34655797
2023-10-25,Ranging,Up,0.33462507,0.3262488,0.3391261,0.3391261
2023-10-26,Up,Down,0.3528633,0.3230759,0.3240608,0.3528633
2023-10-27,Up,Down,0.33980203,0.32537988,0.33481815,0.33980203
2023-10-30,Up,Up,0.3349181,0.32869527,0.33638665,0.33638665
2023-10-31,Up,Down,0.34174952,0.32713595,0.3311146,0.34174952
2023-11-01,Up,Down,0.33916673,0.3254042,0.3354291,0.33916673
2023-11-02,Up,Up,0.3365155,0.32415962,0.33932492,0.33932492
2023-11-03,Up,Down,0.35071152,0.32184413,0.32744434,0.35071152
2023-11-06,Down,Down,0.34735817,0.32542202,0.32721984,0.34735817
2023-11-07,Down,Down,0.3415037,0.32386702,0.33462927,0.3415037
2023-11-08,Up,Down,0.34157166,0.32460845,0.33381987,0.34157166
2023-11-09,Ranging,Down,0.34479067,0.32009146,0.33511788,0.34479067
2023-11-10,Down,Down,0.34905678,0.33079383,0.3201494,0.34905678
2023-11-13,Down,Down,0.33829188,0.33263496,0.32907316,0.33829188
2023-11-14,Down,Down,0.33799142,0.3309446,0.33106402,0.33799142
2023-11-15,Down,Ranging,0.33166203,0.33831912,0.33001888,0.33831912
2023-11-16,Down,Down,0.34243459,0.32900292,0.32856253,0.34243459
2023-11-17,Up,Ranging,0.33535224,0.341244,0.32340378,0.341244
2023-11-20,Up,Down,0.3355391,0.3332244,0.3312365,0.3355391
2023-11-21,Ranging,Ranging,0.330638,0.33861846,0.33074352,0.33861846
2023-11-22,Up,Ranging,0.3309762,0.33806527,0.3309586,0.33806527
2023-11-23,Up,Ranging,0.32735196,0.34560087,0.32704714,0.34560087
2023-11-24,Up,Ranging,0.33396512,0.34120226,0.32483265,0.34120226
2023-11-27,Up,Down,0.3411328,0.33801374,0.32085344,0.3411328
2023-11-28,Up,Ranging,0.33211777,0.3401524,0.3277298,0.3401524
2023-11-29,Up,Down,0.34310848,0.34225225,0.31463924,0.34310848
2023-11-30,Up,Down,0.344446,0.34076187,0.3147922,0.344446
2023-12-01,Up,Down,0.34244853,0.33359903,0.32395247,0.34244853
2023-12-04,Up,Down,0.35140455,0.33390942,0.31468606,0.35140455
2023-12-05,Ranging,Down,0.34156322,0.33859903,0.31983778,0.34156322
2023-12-06,Up,Down,0.34058416,0.33188924,0.32752663,0.34058416
2023-12-07,Up,Down,0.34304795,0.33174664,0.32520542,0.34304795
2023-12-08,Up,Down,0.34665653,0.33335674,0.31998676,0.34665653
2023-12-11,Ranging,Down,0.34655267,0.33494493,0.31850243,0.34655267
2023-12-12,Ranging,Down,0.33636382,0.3354127,0.32822344,0.33636382
2023-12-13,Down,Down,0.34228316,0.334247,0.32346988,0.34228316
2023-12-14,Down,Down,0.34111503,0.3347972,0.3240878,0.34111503
2023-12-15,Down,Down,0.34338734,0.33199027,0.32462233,0.34338734
2023-12-18,Down,Down,0.34113508,0.33364326,0.32522166,0.34113508
2023-12-19,Down,Ranging,0.33632046,0.33786306,0.32581645,0.33786306
2023-12-20,Ranging,Ranging,0.33650908,0.33749184,0.32599914,0.33749184
2023-12-21,Ranging,Down,0.33454913,0.3327835,0.33266735,0.33454913
2023-12-22,Ranging,Ranging,0.3308439,0.33570695,0.33344916,0.33570695
2023-12-25,Ranging,Ranging,0.32471833,0.34283027,0.33245146,0.34283027
2023-12-26,Down,Ranging,0.32136852,0.34811223,0.33051926,0.34811223
2023-12-27,Down,Ranging,0.3287654,0.34759122,0.32364345,0.34759122
2023-12-28,Down,Ranging,0.32950833,0.34172222,0.32876942,0.34172222
2023-12-29,Ranging,Ranging,0.33169302,0.34171343,0.32659355,0.34171343
2024-01-01,Down,Ranging,0.3282851,0.3434369,0.328278,0.3434369
2024-01-02,Ranging,Ranging,0.33072397,0.3421899,0.32708606,0.3421899
2024-01-03,Up,Ranging,0.33290702,0.34683502,0.32025793,0.34683502
2024-01-04,Ranging,Down,0.33695894,0.33609167,0.32694936,0.33695894
2024-01-05,Up,Ranging,0.33987352,0.3521981,0.3079284,0.3521981
2024-01-08,Up,Ranging,0.33166853,0.33452666,0.3338048,0.33452666
2024-01-09,Up,Up,0.3187801,0.33209044,0.3491294,0.3491294
2024-01-10,Down,Up,0.3155501,0.33045498,0.3539949,0.3539949
2024-01-11,Ranging,Ranging,0.3266599,0.34133816,0.33200192,0.34133816
2024-01-12,Ranging,Up,0.33520904,0.32697183,0.3378191,0.3378191
2024-01-15,Down,Ranging,0.3435003,0.34354594,0.31295374,0.34354594
2024-01-16,Up,Ranging,0.32950523,0.33882406,0.33167073,0.33882406
2024-01-17,Up,Ranging,0.33203244,0.3401241,0.32784346,0.3401241
2024-01-18,Up,Up,0.33270395,0.3205498,0.34674624,0.34674624
2024-01-19,Up,Up,0.33396378,0.3229826,0.3430536,0.3430536
2024-01-22,Up,Down,0.33904666,0.32578933,0.33516398,0.33904666
2024-01-23,Down,Down,0.34286594,0.33150038,0.32563367,0.34286594
2024-01-24,Up,Down,0.34827203,0.31932867,0.33239934,0.34827203
2024-01-25,Up,Down,0.34544373,0.33164495,0.32291132,0.34544373
2024-01-26,Up,Down,0.3464676,0.33054262,0.32298976,0.3464676
2024-01-29,Up,Down,0.34128457,0.32908708,0.32962835,0.34128457
2024-01-30,Up,Down,0.34810868,0.33854768,0.31334364,0.34810868
2024-01-31,Ranging,Down,0.3459923,0.33318898,0.3208187,0.3459923
2024-02-01,Down,Ranging,0.33636004,0.34748554,0.3161544,0.34748554
2024-02-02,Down,Ranging,0.3365011,0.34934425,0.31415462,0.34934425
2024-02-05,Down,Ranging,0.34033483,0.3499986,0.30966654,0.3499986
2024-02-06,Down,Down,0.3359614,0.33073974,0.33329892,0.3359614
2024-02-07,Ranging,Down,0.337439,0.33451194,0.32804906,0.337439
2024-02-08,Up,Down,0.3351132,0.33496076,0.32992604,0.3351132
2024-02-09,Up,Ranging,0.33455306,0.33485526,0.3305917,0.33485526
2024-02-12,Up,Down,0.34160715,0.3292969,0.32909596,0.34160715
2024-02-13,Up,Down,0.33701006,0.329629,0.33336094,0.33701006
2024-02-14,Up,Down,0.33934498,0.32688648,0.3337685,0.33934498
2024-02-15,Up,Down,0.3375899,0.3293673,0.3330428,0.3375899
2024-02-16,Up,Down,0.33995456,0.32839182,0.3316536,0.33995456
2024-02-19,Up,Down,0.3373948,0.3277564,0.33484876,0.3373948
2024-02-20,Up,Down,0.33785054,0.33182645,0.33032298,0.33785054
2024-02-21,Ranging,Down,0.34456095,0.3309793,0.32445973,0.34456095
2024-02-22,Down,Down,0.33845222,0.33325464,0.3282931,0.33845222
2024-02-23,Up,Ranging,0.3366671,0.33802056,0.3253123,0.33802056
2024-02-26,Up,Ranging,0.33201924,0.33702707,0.3309537,0.33702707
2024-02-27,Up,Ranging,0.3312701,0.33826366,0.33046627,0.33826366
2024-02-28,Up,Ranging,0.33038828,0.3450442,0.3245676,0.3450442
2024-02-29,Up,Down,0.3411928,0.33795026,0.32085693,0.3411928
2024-03-01,Ranging,Down,0.34859192,0.3366406,0.3147675,0.34859192
2024-03-04,Down,Ranging,0.34296048,0.3446263,0.31241328,0.3446263
2024-03-05,Down,Down,0.344815,0.34001556,0.31516945,0.344815
2024-03-06,Down,Down,0.3421683,0.34075305,0.3170786,0.3421683
2024-03-07,Ranging,Down,0.34670362,0.34581584,0.30748054,0.34670362
2024-03-08,Down,Ranging,0.34411088,0.34940425,0.30648488,0.34940425
2024-03-11,Ranging,Ranging,0.3387828,0.34483492,0.3163823,0.34483492
2024-03-12,Up,Ranging,0.33889967,0.34594747,0.31515288,0.34594747
2024-03-13,Ranging,Down,0.3446974,0.3389998,0.31630284,0.3446974
2024-03-14,Ranging,Ranging,0.33874816,0.34668458,0.31456724,0.34668458
2024-03-15,Up,Down,0.34593052,0.33362633,0.32044318,0.34593052
2024-03-18,Up,Down,0.34483105,0.33214495,0.32302397,0.34483105
2024-03-19,Ranging,Down,0.34647515,0.33420673,0.3193181,0.34647515
2024-03-20,Ranging,Down,0.33969802,0.33018208,0.33011994,0.33969802
2024-03-21,Up,Down,0.3436114,0.3323315,0.32405713,0.3436114
2024-03-22,Ranging,Down,0.34526387,0.3385973,0.31613883,0.34526387
2024-03-25,Up,Down,0.33551323,0.3316104,0.33287638,0.33551323
2024-03-26,Ranging,Down,0.33554122,0.32994777,0.33451104,0.33554122
2024-03-27,Down,Down,0.33820516,0.32948923,0.33230567,0.33820516
2024-03-28,Down,Down,0.34461933,0.32702723,0.3283534,0.34461933
2024-03-29,Down,Down,0.34018186,0.33220524,0.3276129,0.34018186
2024-04-01,Down,Down,0.34034124,0.32424244,0.33541632,0.34034124
2024-04-02,Up,Down,0.34750617,0.3242486,0.3282452,0.34750617
2024-04-03,Up,Down,0.3461245,0.32823902,0.32563648,0.3461245
2024-04-04,Up,Down,0.35218942,0.32709488,0.3207157,0.35218942
2024-04-05,Up,Down,0.34450692,0.34044954,0.3150435,0.34450692
2024-04-08,Down,Down,0.34501585,0.3308918,0.3240924,0.34501585
2024-04-09,Down,Down,0.3451957,0.3266926,0.3281117,0.3451957
2024-04-10,Down,Down,0.3414301,0.33463654,0.3239334,0.3414301
2024-04-11,Down,Down,0.3505611,0.32583684,0.32360202,0.3505611
2024-04-12,Down,Down,0.3469944,0.33227706,0.32072854,0.3469944
2024-04-15,Up,Ranging,0.33206922,0.34053332,0.3273974,0.34053332
2024-04-16,Up,Down,0.34011835,0.3257784,0.33410326,0.34011835
2024-04-17,Up,Down,0.3484735,0.32068792,0.3308386,0.3484735
2024-04-18,Up,Down,0.339132,0.32896382,0.33190417,0.339132
2024-04-19,Up,Down,0.35181153,0.31997034,0.3282181,0.35181153
2024-04-22,Up,Down,0.34678358,0.32585582,0.3273606,0.34678358
2024-04-23,Up,Down,0.34183505,0.32414576,0.33401918,0.34183505
2024-04-24,Up,Ranging,0.3358282,0.33736178,0.32681003,0.33736178
2024-04-25,Up,Down,0.34172696,0.32659322,0.3316798,0.34172696
2024-04-26,Up,Down,0.3525613,0.32514304,0.32229567,0.3525613
2024-04-29,Down,Down,0.34446678,0.3291802,0.32635298,0.34446678
2024-04-30,Down,Up,0.33518016,0.32420158,0.34061825,0.34061825
2024-05-01,Down,Down,0.33896306,0.32810318,0.33293372,0.33896306
2024-05-02,Down,Ranging,0.3340178,0.33442983,0.33155236,0.33442983
2024-05-03,Down,Down,0.33904654,0.32828933,0.33266416,0.33904654
2024-05-06,Down,Ranging,0.3320753,0.3347517,0.33317304,0.3347517
2024-05-07,Down,Ranging,0.3330179,0.33396,0.33302215,0.33396
2024-05-08,Ranging,Down,0.3390335,0.32824337,0.33272308,0.3390335
2024-05-09,Up,Down,0.3395341,0.32507944,0.33538646,0.3395341
2024-05-10,Up,Up,0.3360987,0.32474807,0.33915323,0.33915323
2024-05-13,Ranging,Down,0.33883378,0.32550615,0.33566004,0.33883378
2024-05-14,Ranging,Up,0.3351833,0.3224537,0.34236297,0.34236297
2024-05-15,Down,Up,0.33371347,0.32736284,0.33892363,0.33892363
2024-05-16,Ranging,Up,0.33050314,0.3274279,0.342069,0.342069
2024-05-17,Ranging,Down,0.33666074,0.32911354,0.3342257,0.33666074
2024-05-20,Ranging,Up,0.3317052,0.3332254,0.33506936,0.33506936
2024-05-21,Ranging,Down,0.3459611,0.34190515,0.31213376,0.3459611
2024-05-22,Down,Down,0.34254494,0.33852905,0.31892598,0.34254494
2024-05-23,Down,Ranging,0.34586468,0.3463766,0.30775875,0.3463766
2024-05-24,Down,Ranging,0.33849186,0.35219917,0.30930895,0.35219917
2024-05-27,Up,Ranging,0.33486164,0.35370937,0.311429,0.35370937
2024-05-28,Down,Ranging,0.33563885,0.35225034,0.31211084,0.35225034
2024-05-29,Up,Ranging,0.33967268,0.34252566,0.31780162,0.34252566
2024-05-30,Up,Ranging,0.33724988,0.3455778,0.31717232,0.3455778
2024-05-31,Up,Ranging,0.34157604,0.34234452,0.31607947,0.34234452
2024-06-03,Down,Down,0.34372595,0.3351801,0.32109395,0.34372595
2024-06-04,Up,Ranging,0.33665553,0.3576069,0.30573756,0.3576069
2024-06-05,Up,Up,0.33622846,0.32665268,0.33711886,0.33711886
2024-06-06,Ranging,Ranging,0.32665306,0.3447539,0.3285931,0.3447539
2024-06-07,Down,Ranging,0.3275034,0.34140146,0.3310952,0.34140146
2024-06-10,Down,Ranging,0.32645196,0.33678985,0.33675823,0.33678985
2024-06-11,Ranging,Ranging,0.32555845,0.34273177,0.33170983,0.34273177
2024-06-12,Up,Up,0.32592496,0.334339,0.33973607,0.33973607
2024-06-13,Up,Up,0.3321569,0.33380616,0.33403692,0.33403692
2024-06-14,Up,Ranging,0.3319681,0.34138367,0.3266482,0.34138367
2024-06-17,Up,Ranging,0.33076218,0.34342647,0.3258114,0.34342647
2024-06-18,Up,Ranging,0.32892117,0.34192044,0.32915843,0.34192044
2024-06-19,Up,Down,0.33947885,0.33589756,0.32462355,0.33947885
2024-06-20,Up,Down,0.34066346,0.33012512,0.3292114,0.34066346
2024-06-21,Up,Down,0.35032704,0.33634597,0.31332695,0.35032704
2024-06-24,Up,Down,0.3408098,0.3319446,0.32724556,0.3408098
2024-06-25,Ranging,Ranging,0.33896244,0.33980486,0.32123268,0.33980486
2024-06-26,Down,Ranging,0.34328175,0.34336138,0.31335694,0.34336138
2024-06-27,Up,Down,0.34290338,0.3331272,0.3239694,0.34290338
2024-06-28,Up,Down,0.3406923,0.33840317,0.32090446,0.3406923
2024-07-01,Up,Ranging,0.3359993,0.33768,0.3263207,0.33768
2024-07-02,Up,Ranging,0.33612397,0.34910774,0.31476825,0.34910774
2024-07-03,Up,Down,0.34205186,0.34064335,0.3173048,0.34205186
2024-07-04,Ranging,Ranging,0.34233865,0.3490411,0.30862027,0.3490411
2024-07-05,Ranging,Ranging,0.34517604,0.3482328,0.30659118,0.3482328
2024-07-08,Ranging,Ranging,0.34297603,0.3445214,0.31250256,0.3445214
2024-07-09,Ranging,Down,0.34980187,0.33563265,0.3145655,0.34980187
2024-07-10,Ranging,Down,0.35036388,0.33848602,0.3111501,0.35036388
2024-07-11,Up,Down,0.34762403,0.34207487,0.31030107,0.34762403
2024-07-12,Up,Down,0.34523594,0.33863518,0.31612885,0.34523594
2024-07-15,Up,Down,0.34927952,0.3418884,0.3088321,0.34927952
2024-07-16,Down,Down,0.35120013,0.34103912,0.30776078,0.35120013
2024-07-17,Down,Down,0.34844416,0.3395449,0.3120109,0.34844416
2024-07-18,Down,Down,0.3479202,0.33756453,0.3145153,0.3479202
2024-07-19,Down,Down,0.3514511,0.33923736,0.30931148,0.3514511
2024-07-22,Down,Down,0.3470099,0.33773762,0.3152525,0.3470099
2024-07-23,Down,Down,0.34650904,0.3393752,0.31411576,0.34650904
2024-07-24,Ranging,Down,0.34117135,0.3379307,0.32089797,0.34117135
2024-07-25,Up,Down,0.3400884,0.33218023,0.32773137,0.3400884
2024-07-26,Down,Down,0.34365326,0.33102134,0.3253254,0.34365326
2024-07-29,Down,Down,0.34481102,0.33805135,0.31713766,0.34481102
2024-07-30,Down,Ranging,0.33276257,0.34184313,0.32539427,0.34184313
2024-07-31,Down,Down,0.3401763,0.33626208,0.32356158,0.3401763
2024-08-01,Down,Ranging,0.3414526,0.34607995,0.31246746,0.34607995
2024-08-02,Down,Up,0.3325861,0.32907954,0.33833432,0.33833432
2024-08-05,Up,Up,0.3282772,0.3278038,0.343919,0.343919
2024-08-06,Up,Up,0.33255082,0.31121308,0.35623604,0.35623604
2024-08-07,Ranging,Up,0.3297644,0.31748834,0.3527472,0.3527472
2024-08-08,Ranging,Up,0.33110005,0.3327884,0.33611155,0.33611155
2024-08-09,Up,Up,0.3329238,0.3192639,0.34781224,0.34781224
2024-08-12,Ranging,Up,0.33250654,0.33292592,0.33456752,0.33456752
2024-08-13,Up,Down,0.3385017,0.33270666,0.3287917,0.3385017
2024-08-14,Up,Up,0.33215126,0.32682532,0.34102342,0.34102342
2024-08-15,Up,Up,0.332351,0.3309941,0.33665493,0.33665493
2024-08-16,Up,Up,0.33337867,0.32785812,0.3387632,0.3387632
2024-08-19,Up,Up,0.33337826,0.33092052,0.33570123,0.33570123
2024-08-20,Up,Up,0.3314939,0.32533246,0.34317365,0.34317365
2024-08-21,Up,Ranging,0.33994186,0.34327173,0.31678644,0.34327173
2024-08-22,Up,Down,0.34238023,0.33657843,0.32104132,0.34238023
2024-08-23,Up,Down,0.34850436,0.33857313,0.31292248,0.34850436
2024-08-26,Up,Down,0.34534755,0.3336302,0.32102227,0.34534755
2024-08-27,Up,Down,0.3473964,0.3408993,0.3117043,0.3473964
2024-08-28,Up,Down,0.33830938,0.33680463,0.324886,0.33830938
2024-08-29,Up,Down,0.33939588,0.33676115,0.3238429,0.33939588
2024-08-30,Down,Ranging,0.34502634,0.34995094,0.30502272,0.34995094
2024-09-02,Ranging,Ranging,0.34085906,0.3492949,0.30984604,0.3492949
2024-09-03,Down,Ranging,0.34312758,0.3462203,0.3106521,0.3462203
2024-09-04,Ranging,Down,0.34799504,0.33694604,0.31505892,0.34799504
2024-09-05,Up,Ranging,0.34283745,0.3447844,0.31237814,0.3447844
2024-09-06,Up,Ranging,0.33763996,0.34343752,0.3189225,0.34343752
2024-09-09,Up,Up,0.33078885,0.32507133,0.3441398,0.3441398
2024-09-10,Up,Ranging,0.33278164,0.34088454,0.32633385,0.34088454
2024-09-11,Up,Down,0.33701319,0.33372426,0.32926255,0.33701319
2024-09-12,Up,Down,0.33901575,0.33406407,0.32692018,0.33901575
2024-09-13,Up,Down,0.3431038,0.33897752,0.31791866,0.3431038
2024-09-16,Up,Ranging,0.33391544,0.34410957,0.32197502,0.34410957
2024-09-17,Up,Ranging,0.34065747,0.34190178,0.31744078,0.34190178
2024-09-18,Up,Ranging,0.32846728,0.34378722,0.32774553,0.34378722
2024-09-19,Up,Ranging,0.33806512,0.3477793,0.31415558,0.3477793
2024-09-20,Down,Ranging,0.33998388,0.34708744,0.31292868,0.34708744
2024-09-23,Down,Ranging,0.33814865,0.3584839,0.30336744,0.3584839
2024-09-24,Down,Ranging,0.33921334,0.34495604,0.31583056,0.34495604
2024-09-25,Down,Down,0.3362984,0.33214724,0.33155435,0.3362984
2024-09-26,Down,Down,0.34331357,0.33988953,0.31679684,0.34331357
2024-09-27,Down,Down,0.34863436,0.3443819,0.30698374,0.34863436
2024-09-30,Down,Ranging,0.3356462,0.338333,0.32602078,0.338333
2024-10-01,Down,Ranging,0.33357933,0.34628358,0.32013708,0.34628358
2024-10-02,Down,Down,0.3377398,0.3331466,0.3291136,0.3377398
2024-10-03,Down,Down,0.3443183,0.3352933,0.32038838,0.3443183
2024-10-04,Down,Down,0.35085368,0.32077214,0.32837418,0.35085368
2024-10-07,Ranging,Down,0.34372053,0.3195629,0.3367166,0.34372053
2024-10-08,Up,Up,0.33778697,0.32013705,0.34207597,0.34207597
2024-10-09,Ranging,Down,0.33997923,0.32604134,0.33397946,0.33997923
2024-10-10,Down,Down,0.3400654,0.3254506,0.334484,0.3400654
2024-10-11,Up,Down,0.34206042,0.3256819,0.33225772,0.34206042
2024-10-14,Up,Down,0.34060362,0.32594573,0.33345068,0.34060362
2024-10-15,Up,Down,0.3431006,0.32412702,0.3327724,0.3431006
2024-10-16,Up,Down,0.34484288,0.32291803,0.33223912,0.34484288
2024-10-17,Up,Down,0.34693846,0.3216737,0.33138785,0.34693846
2024-10-18,Down,Down,0.3443767,0.3234959,0.33212745,0.3443767
2024-10-21,Up,Down,0.34696546,0.32209966,0.3309349,0.34696546
2024-10-22,Up,Down,0.340738,0.32708955,0.33217245,0.340738
2024-10-23,Up,Down,0.34113613,0.32236105,0.33650282,0.34113613
2024-10-24,Up,Down,0.35652342,0.33084965,0.31262693,0.35652342
2024-10-25,Up,Down,0.3498517,0.33010903,0.3200393,0.3498517
2024-10-28,Down,Down,0.34842476,0.3358313,0.31574386,0.34842476
2024-10-29,Down,Down,0.35155037,0.33431968,0.31412992,0.35155037
2024-10-30,Down,Down,0.34617877,0.32678577,0.32703543,0.34617877
2024-10-31,Down,Down,0.3532095,0.32428733,0.32250315,0.3532095
2024-11-01,Down,Down,0.3445788,0.32673737,0.3286838,0.3445788
2024-11-04,Ranging,Down,0.35095066,0.32600182,0.32304752,0.35095066
2024-11-05,Down,Down,0.34567657,0.33832574,0.3159977,0.34567657
2024-11-06,Down,Down,0.3471839,0.3380857,0.31473032,0.3471839
2024-11-07,Down,Down,0.34833905,0.33312723,0.31853375,0.34833905
2024-11-08,Ranging,Down,0.3467416,0.33057365,0.32268476,0.3467416
2024-11-11,Down,Down,0.3454348,0.33123493,0.32333028,0.3454348
2024-11-12,Down,Down,0.34838346,0.3276918,0.32392472,0.34838346
2024-11-13,Ranging,Down,0.3443687,0.3271269,0.32850444,0.3443687
2024-11-14,Ranging,Down,0.34998748,0.32166466,0.3283479,0.34998748
2024-11-15,Up,Down,0.35173297,0.32484108,0.32342598,0.35173297
2024-11-18,Up,Down,0.34449595,0.32621095,0.32929313,0.34449595
2024-11-19,Up,Down,0.34569666,0.32607433,0.32822904,0.34569666
2024-11-20,Up,Down,0.34881762,0.3355078,0.31567457,0.34881762
2024-11-21,Up,Down,0.34231517,0.3334124,0.32427242,0.34231517
2024-11-22,Up,Down,0.34465465,0.33839703,0.31694835,0.34465465
2024-11-25,Ranging,Down,0.3522487,0.3371028,0.31064856,0.3522487
2024-11-26,Ranging,Down,0.336681,0.32832322,0.3349958,0.336681
2024-11-27,Up,Down,0.34334964,0.32715112,0.3294992,0.34334964
2024-11-28,Up,Down,0.33757457,0.32834446,0.33408096,0.33757457
2024-11-29,Up,Down,0.34961358,0.33662263,0.31376383,0.34961358
2024-12-02,Up,Ranging,0.3358324,0.33665767,0.3275099,0.33665767
2024-12-03,Up,Down,0.33907536,0.33412668,0.32679796,0.33907536
2024-12-04,Up,Down,0.33755445,0.33251238,0.32993317,0.33755445
2024-12-05,Ranging,Ranging,0.33404863,0.33695808,0.32899332,0.33695808
2024-12-06,Up,Down,0.3401718,0.3280791,0.33174905,0.3401718
2024-12-09,Up,Down,0.33661452,0.33029896,0.3330865,0.33661452
2024-12-10,Ranging,Ranging,0.33069217,0.339083,0.33022487,0.339083
2024-12-11,Down,Down,0.34341732,0.33642805,0.32015464,0.34341732
2024-12-12,Down,Down,0.3439145,0.33382913,0.3222564,0.3439145
2024-12-13,Down,Ranging,0.33345735,0.33993518,0.3266075,0.33993518
2024-12-16,Down,Ranging,0.33485302,0.34478533,0.32036167,0.34478533
2024-12-17,Down,Ranging,0.3351104,0.33814117,0.32674843,0.33814117
2024-12-18,Down,Up,0.33436772,0.32866287,0.33696938,0.33696938
2024-12-19,Up,Up,0.32962155,0.33346283,0.33691558,0.33691558
2024-12-20,Up,Up,0.3340065,0.3275624,0.33843112,0.33843112
2024-12-23,Ranging,Up,0.33947635,0.31846088,0.3420627,0.3420627
2024-12-24,Down,Down,0.3448823,0.32048506,0.33463264,0.3448823
2024-12-25,Down,Down,0.343575,0.327961,0.32846403,0.343575
2024-12-26,Ranging,Down,0.3403177,0.3269129,0.3327694,0.3403177
2024-12-27,Down,Down,0.34387314,0.33049786,0.32562894,0.34387314
2024-12-30,Down,Down,0.34492415,0.32993945,0.32513642,0.34492415
2024-12-31,Ranging,Down,0.33772808,0.3262076,0.3360643,0.33772808
2025-01-01,Down,Up,0.33610603,0.32469591,0.33919805,0.33919805
2025-01-02,Down,Down,0.33869386,0.32463363,0.3366725,0.33869386
2025-01-03,Down,Down,0.3453838,0.33610246,0.31851372,0.3453838
2025-01-06,Down,Down,0.3475475,0.33665556,0.3157969,0.3475475
2025-01-07,Down,Down,0.3509778,0.3291459,0.31987625,0.3509778
2025-01-08,Down,Down,0.3474444,0.33494553,0.3176101,0.3474444
2025-01-09,Down,Down,0.3513492,0.3306503,0.31800047,0.3513492
2025-01-10,Down,Down,0.3499737,0.33384332,0.316183,0.3499737
2025-01-13,Ranging,Down,0.35191572,0.3295391,0.3185452,0.35191572
2025-01-14,Down,Down,0.33993408,0.32365707,0.33640888,0.33993408
2025-01-15,Down,Down,0.33925116,0.3276212,0.33312765,0.33925116
2025-01-16,Down,Down,0.33938336,0.32226902,0.33834755,0.33938336
2025-01-17,Down,Up,0.33612072,0.320784,0.34309527,0.34309527
2025-01-20,Ranging,Down,0.33683404,0.32792816,0.33523783,0.33683404
2025-01-21,Up,Down,0.34135076,0.32177478,0.33687443,0.34135076
2025-01-22,Up,Down,0.3369827,0.32807288,0.33494443,0.3369827
2025-01-23,Up,Down,0.34111458,0.3226163,0.33626914,0.34111458
2025-01-24,Up,Up,0.335563,0.32587448,0.33856252,0.33856252
2025-01-27,Up,Down,0.33911595,0.32193634,0.33894774,0.33911595
2025-01-28,Up,Up,0.3321578,0.3300621,0.3377801,0.3377801
2025-01-29,Up,Up,0.33536872,0.32698378,0.3376475,0.3376475
2025-01-30,Up,Up,0.33388937,0.33074486,0.3353658,0.3353658
2025-01-31,Ranging,Down,0.3353114,0.33074528,0.3339433,0.3353114
2025-02-03,Up,Down,0.34700745,0.32291517,0.33007735,0.34700745
2025-02-04,Down,Down,0.34079802,0.32379133,0.33541062,0.34079802
2025-02-05,Down,Down,0.3499496,0.33390734,0.31614307,0.3499496
2025-02-06,Down,Down,0.34837303,0.33553457,0.31609237,0.34837303
2025-02-07,Ranging,Down,0.35530937,0.33186844,0.3128222,0.35530937
2025-02-10,Down,Down,0.3375436,0.33290777,0.32954866,0.3375436
2025-02-11,Down,Down,0.3378916,0.33248848,0.32961988,0.3378916
2025-02-12,Up,Up,0.33346012,0.32563975,0.34090015,0.34090015
2025-02-13,Ranging,Down,0.3401149,0.32690227,0.33298284,0.3401149
2025-02-14,Down,Down,0.3435435,0.32802257,0.3284339,0.3435435
2025-02-17,Down,Up,0.33275813,0.32685086,0.340391,0.340391
2025-02-18,Down,Up,0.33052635,0.3298425,0.33963117,0.33963117
2025-02-19,Down,Ranging,0.33108377,0.3359686,0.33294764,0.3359686
2025-02-20,Down,Up,0.3340481,0.32795054,0.33800137,0.33800137
2025-02-21,Down,Up,0.33491042,0.32327378,0.3418158,0.3418158
2025-02-24,Down,Ranging,0.3357928,0.3361709,0.3280363,0.3361709
2025-02-25,Down,Down,0.3372572,0.33219787,0.3305449,0.3372572
2025-02-26,Down,Down,0.33980983,0.32236004,0.33783013,0.33980983
2025-02-27,Ranging,Down,0.33624986,0.33247578,0.33127436,0.33624986
2025-02-28,Up,Up,0.335206,0.3264132,0.3383808,0.3383808
2025-03-03,Up,Up,0.3289113,0.31949088,0.35159785,0.35159785
2025-03-04,Up,Up,0.3299393,0.32826447,0.34179625,0.34179625
2025-03-05,Up,Up,0.3324732,0.32555673,0.34197012,0.34197012
2025-03-06,Up,Up,0.3275439,0.33214867,0.3403074,0.3403074
2025-03-07,Up,Up,0.3269428,0.33518088,0.33787635,0.33787635
2025-03-10,Up,Down,0.3360604,0.3286908,0.33524877,0.3360604
2025-03-11,Up,Up,0.33664945,0.32661057,0.33674002,0.33674002
2025-03-12,Up,Down,0.3381762,0.32706976,0.334754,0.3381762
2025-03-13,Up,Up,0.33604443,0.3241754,0.33978015,0.33978015
2025-03-14,Up,Down,0.33626443,0.328571,0.33516455,0.33626443
2025-03-17,Up,Up,0.33034992,0.33270875,0.33694136,0.33694136
2025-03-18,Up,Down,0.3353163,0.3351384,0.32954526,0.3353163
2025-03-19,Up,Ranging,0.33586064,0.33704242,0.3270969,0.33704242
2025-03-20,Up,Down,0.33899572,0.33819458,0.32280973,0.33899572
2025-03-21,Ranging,Down,0.3446269,0.3338008,0.32157233,0.3446269
2025-03-24,Down,Ranging,0.3390526,0.3422242,0.31872317,0.3422242
2025-03-25,Down,Ranging,0.3237657,0.3476448,0.32858953,0.3476448
2025-03-26,Ranging,Down,0.3389864,0.331608,0.32940564,0.3389864
2025-03-27,Ranging,Down,0.33616287,0.33368754,0.33014956,0.33616287
2025-03-28,Down,Down,0.33915994,0.32845172,0.33238837,0.33915994
2025-03-31,Down,Ranging,0.32844895,0.34109393,0.3304571,0.34109393
2025-04-01,Down,Ranging,0.32512364,0.35111424,0.32376212,0.35111424
2025-04-02,Down,Up,0.32439193,0.3373669,0.33824122,0.33824122
2025-04-03,Down,Ranging,0.33304366,0.3435177,0.32343867,0.3435177
2025-04-04,Down,Up,0.33054963,0.32760814,0.3418422,0.3418422
2025-04-07,Up,Up,0.3289228,0.32947996,0.3415972,0.3415972
2025-04-08,Up,Down,0.34385264,0.31680432,0.33934304,0.34385264
2025-04-09,Up,Down,0.34068722,0.32500467,0.33430812,0.34068722
2025-04-10,Up,Down,0.34421325,0.31793013,0.3378566,0.34421325
2025-04-11,Up,Up,0.34020865,0.31878927,0.3410021,0.3410021
2025-04-14,Up,Down,0.3393122,0.32775423,0.3329336,0.3393122
2025-04-15,Up,Down,0.34007156,0.32682,0.33310843,0.34007156
2025-04-16,Up,Down,0.34276116,0.32235894,0.33487988,0.34276116
2025-04-17,Ranging,Down,0.3401303,0.32630008,0.33356965,0.3401303
2025-04-18,Ranging,Down,0.34457973,0.3278307,0.3275896,0.34457973
2025-04-21,Up,Down,0.3363703,0.3357415,0.3278882,0.3363703
2025-04-22,Up,Down,0.34518215,0.328665,0.32615286,0.34518215
2025-04-23,Ranging,Down,0.34500384,0.3282423,0.32675385,0.34500384
2025-04-24,Up,Ranging,0.33602637,0.33802128,0.32595238,0.33802128
2025-04-25,Up,Ranging,0.33273143,0.34591883,0.32134974,0.34591883
2025-04-28,Ranging,Down,0.33674946,0.33620834,0.32704222,0.33674946
2025-04-29,Ranging,Down,0.3387765,0.3367492,0.3244743,0.3387765
2025-04-30,Ranging,Ranging,0.33087525,0.33614114,0.33298358,0.33614114
2025-05-01,Ranging,Ranging,0.32723287,0.34392574,0.3288414,0.34392574
2025-05-02,Down,Ranging,0.32810223,0.3389496,0.33294815,0.3389496
2025-05-05,Up,Ranging,0.3317334,0.33689582,0.3313708,0.33689582
2025-05-06,Ranging,Ranging,0.32957995,0.33630338,0.33411667,0.33630338
2025-05-07,Down,Up,0.32905242,0.3340395,0.33690804,0.33690804
2025-05-08,Up,Ranging,0.33246168,0.33504662,0.3324917,0.33504662
2025-05-09,Up,Ranging,0.3289004,0.3362034,0.33489618,0.3362034
2025-05-12,Ranging,Ranging,0.32009587,0.34495053,0.33495364,0.34495053
2025-05-13,Ranging,Ranging,0.33055165,0.3363681,0.33308026,0.3363681
2025-05-14,Up,Ranging,0.33026132,0.33759198,0.33214667,0.33759198
2025-05-15,Ranging,Down,0.3369165,0.33161506,0.3314684,0.3369165
2025-05-16,Ranging,Down,0.3350218,0.33477944,0.33019882,0.3350218
2025-05-19,Up,Down,0.33854795,0.3310353,0.33041677,0.33854795
2025-05-20,Ranging,Down,0.33671463,0.3296371,0.33364826,0.33671463
2025-05-21,Ranging,Up,0.33505365,0.32555,0.33939633,0.33939633
2025-05-22,Up,Down,0.340225,0.32738525,0.33238977,0.340225
2025-05-23,Ranging,Down,0.34319675,0.32892483,0.3278784,0.34319675
2025-05-26,Down,Ranging,0.33360282,0.3435182,0.322879,0.3435182
2025-05-27,Ranging,Down,0.33689645,0.33575252,0.327351,0.33689645
2025-05-28,Down,Down,0.34054747,0.33238548,0.32706702,0.34054747
2025-05-29,Ranging,Down,0.34108907,0.32998323,0.32892767,0.34108907
2025-05-30,Up,Down,0.336497,0.3323528,0.3311502,0.336497
2025-06-02,Down,Down,0.33544338,0.3337477,0.33080897,0.33544338
2025-06-03,Down,Ranging,0.33447117,0.3358745,0.32965434,0.3358745
2025-06-04,Ranging,Ranging,0.33412465,0.33523747,0.33063787,0.33523747
2025-06-05,Down,Down,0.3344526,0.33238968,0.33315772,0.3344526
2025-06-06,Down,Down,0.33840376,0.33632654,0.32526973,0.33840376
2025-06-09,Ranging,Up,0.3341067,0.33023167,0.33566168,0.33566168
2025-06-10,Ranging,Down,0.34039217,0.32958385,0.330024,0.34039217
2025-06-11,Down,Down,0.33575922,0.33529875,0.32894206,0.33575922
2025-06-12,Down,Down,0.33667135,0.33516213,0.3281665,0.33667135
2025-06-13,Up,Down,0.3452508,0.32993084,0.32481837,0.3452508
2025-06-16,Ranging,Down,0.3376704,0.33187413,0.3304555,0.3376704
2025-06-17,Ranging,Down,0.33667058,0.33334744,0.329982,0.33667058
2025-06-18,Up,Up,0.33342123,0.32186085,0.3447179,0.3447179
2025-06-19,Up,Up,0.3324186,0.32347703,0.3441044,0.3441044
2025-06-20,Up,Up,0.33664155,0.32478797,0.33857048,0.33857048
2025-06-23,Up,Down,0.33946386,0.33196658,0.32856953,0.33946386
2025-06-24,Ranging,Up,0.33528954,0.32790038,0.33681008,0.33681008
2025-06-25,Ranging,Down,0.33708012,0.32748878,0.33543107,0.33708012
2025-06-26,Down,Down,0.3364728,0.32956812,0.333959,0.3364728
2025-06-27,Down,Down,0.33829385,0.33297083,0.32873532,0.33829385
2025-06-30,Down,Ranging,0.33444586,0.34265226,0.32290182,0.34265226
2025-07-01,Up,Ranging,0.32973316,0.34270334,0.3275635,0.34270334
2025-07-02,Ranging,Ranging,0.3344949,0.3384426,0.32706255,0.3384426
2025-07-03,Ranging,Ranging,0.33590943,0.33808178,0.32600883,0.33808178
2025-07-04,Down,Ranging,0.33439273,0.3387285,0.32687885,0.3387285
2025-07-07,Down,Up,0.33342242,0.3279985,0.33857912,0.33857912
2025-07-08,Down,Ranging,0.33236253,0.33508646,0.332551,0.33508646
2025-07-09,Ranging,Down,0.33480367,0.3335341,0.33166227,0.33480367
2025-07-10,Ranging,Up,0.33610657,0.32641286,0.33748055,0.33748055
2025-07-11,Ranging,Down,0.3368937,0.3273511,0.3357552,0.3368937
2025-07-14,Up,Down,0.3387112,0.32645383,0.33483493,0.3387112
2025-07-15,Up,Down,0.3357389,0.3336809,0.3305802,0.3357389
2025-07-16,Up,Down,0.336906,0.32927895,0.33381507,0.336906
2025-07-17,Up,Down,0.34290832,0.33515993,0.32193175,0.34290832
2025-07-18,Up,Up,0.335626,0.32569185,0.33868217,0.33868217
2025-07-21,Up,Up,0.33416653,0.3314591,0.33437437,0.33437437
2025-07-22,Up,Up,0.33559301,0.32529253,0.33911443,0.33911443
2025-07-23,Ranging,Up,0.33487067,0.32858258,0.33654675,0.33654675
2025-07-24,Ranging,Down,0.33794352,0.32969928,0.3323572,0.33794352
2025-07-25,Ranging,Down,0.33919284,0.3233866,0.33742052,0.33919284
2025-07-28,Down,Up,0.3370698,0.3232076,0.33972263,0.33972263
2025-07-29,Down,Down,0.3349931,0.3323195,0.33268735,0.3349931
2025-07-30,Down,Down,0.33531585,0.33176664,0.3329175,0.33531585
2025-07-31,Down,Up,0.3324279,0.32235983,0.3452123,0.3452123
2025-08-01,Down,Up,0.33621374,0.31828636,0.34549984,0.34549984
2025-08-04,Down,Down,0.3374174,0.33169273,0.3308899,0.3374174
2025-08-05,Down,Up,0.3315194,0.32924512,0.33923548,0.33923548
2025-08-06,Down,Up,0.3334341,0.33150503,0.3350608,0.3350608
2025-08-07,Ranging,Ranging,0.33356082,0.33439124,0.33204797,0.33439124
2025-08-08,Ranging,Down,0.33883685,0.33173096,0.32943222,0.33883685
2025-08-11,Up,Down,0.34112695,0.33204213,0.32683086,0.34112695
2025-08-12,Up,Ranging,0.33459628,0.33493146,0.3304723,0.33493146
2025-08-13,Up,Down,0.33863232,0.32472816,0.3366395,0.33863232
2025-08-14,Up,Down,0.33488175,0.33110294,0.33401528,0.33488175
2025-08-15,Up,Up,0.33485055,0.32554683,0.33960262,0.33960262
2025-08-18,Ranging,Down,0.3396404,0.3326426,0.32771695,0.3396404
2025-08-19,Down,Down,0.34827203,0.33151135,0.3202167,0.34827203
2025-08-20,Down,Down,0.34369102,0.3338812,0.32242778,0.34369102
2025-08-21,Down,Down,0.34377235,0.32952031,0.32670727,0.34377235
2025-08-22,Down,Down,0.3435475,0.3295488,0.32690367,0.3435475
2025-08-25,Down,Down,0.3385535,0.33117023,0.3302763,0.3385535
2025-08-26,Down,Down,0.33830002,0.33513683,0.32656318,0.33830002
2025-08-27,Down,Up,0.33170217,0.3241367,0.34416112,0.34416112
2025-08-28,Up,Up,0.33463538,0.326245,0.33911964,0.33911964
2025-08-29,Ranging,Up,0.33484766,0.32658982,0.33856252,0.33856252
2025-09-01,Down,Down,0.33470538,0.33083907,0.33445552,0.33470538
2025-09-02,Up,Down,0.33765185,0.3308238,0.33152434,0.33765185
2025-09-03,Up,Down,0.33880323,0.3295412,0.3316556,0.33880323
2025-09-04,Ranging,Down,0.34145087,0.3233273,0.33522183,0.34145087
2025-09-05,Up,Down,0.3473549,0.32016763,0.33247745,0.3473549
2025-09-08,Up,Down,0.34277007,0.32672673,0.33050317,0.34277007
2025-09-09,Up,Down,0.3444642,0.33211306,0.32342273,0.3444642
2025-09-10,Up,Down,0.3481657,0.33357832,0.318256,0.3481657
2025-09-11,Up,Ranging,0.33923277,0.34174,0.31902722,0.34174
2025-09-12,Down,Ranging,0.33825856,0.34211963,0.31962177,0.34211963
2025-09-15,Down,Down,0.3413412,0.3407832,0.31787556,0.3413412
2025-09-16,Down,Ranging,0.33619937,0.34110743,0.32269317,0.34110743
2025-09-17,Down,Down,0.34972957,0.33275464,0.3175158,0.34972957
2025-09-18,Down,Down,0.34753805,0.3275819,0.32488003,0.34753805
2025-09-19,Down,Down,0.34113032,0.32891783,0.32995188,0.34113032
2025-09-22,Down,Ranging,0.33418676,0.3343108,0.33150247,0.3343108
2025-09-23,Down,Down,0.3359023,0.3343372,0.32976043,0.3359023
2025-09-24,Down,Down,0.33791107,0.32969192,0.33239698,0.33791107
2025-09-25,Ranging,Up,0.3339501,0.33119166,0.33485824,0.33485824
2025-09-26,Up,Up,0.33468136,0.3300975,0.33522117,0.33522117
2025-09-29,Up,Up,0.3312376,0.33123368,0.33752868,0.33752868
2025-09-30,Up,Up,0.33172986,0.3330044,0.33526582,0.33526582
2025-10-01,Ranging,Ranging,0.33343002,0.3383579,0.32821208,0.3383579
2025-10-02,Ranging,Down,0.33826602,0.33476505,0.32696894,0.33826602
2025-10-03,Up,Ranging,0.3311653,0.33605972,0.33277494,0.33605972
2025-10-06,Up,Down,0.3390765,0.33747718,0.32344636,0.3390765
2025-10-07,Up,Down,0.34332785,0.3325042,0.32416788,0.34332785
2025-10-08,Up,Down,0.3469224,0.33011454,0.32296303,0.3469224
2025-10-09,Up,Down,0.33806467,0.32807386,0.3338615,0.33806467
2025-10-10,Up,Down,0.3468452,0.32997286,0.3231819,0.3468452
2025-10-13,Up,Down,0.3506344,0.3329184,0.31644723,0.3506344
2025-10-14,Ranging,Down,0.3410251,0.33606595,0.32290897,0.3410251
2025-10-15,Down,Ranging,0.3361109,0.34071678,0.32317236,0.34071678
2025-10-16,Down,Down,0.34266886,0.33930254,0.3180286,0.34266886
2025-10-17,Down,Down,0.34852993,0.33472517,0.31674486,0.34852993
2025-10-20,Down,Down,0.34676474,0.33052158,0.32271367,0.34676474
2025-10-21,Down,Down,0.34101972,0.33606663,0.3229136,0.34101972
2025-10-22,Down,Down,0.34513798,0.33583677,0.31902528,0.34513798
2025-10-23,Ranging,Ranging,0.34076667,0.34077564,0.31845766,0.34077564
2025-10-24,Down,Ranging,0.33829796,0.34138596,0.32031605,0.34138596
2025-10-27,Down,Ranging,0.33576444,0.33853772,0.3256978,0.33853772
2025-10-28,Down,Ranging,0.33732238,0.33914602,0.32353163,0.33914602
2025-10-29,Down,Ranging,0.32844418,0.35367283,0.31788298,0.35367283
2025-10-30,Down,Down,0.33800617,0.33465642,0.3273374,0.33800617
2025-10-31,Ranging,Down,0.33581492,0.3313687,0.33281633,0.33581492
2025-11-03,Ranging,Down,0.34004945,0.33244482,0.32750574,0.34004945
2025-11-04,Up,Ranging,0.3305404,0.34053323,0.32892644,0.34053323
2025-11-05,Up,Ranging,0.3332282,0.33448377,0.33228806,0.33448377
2025-11-06,Up,Down,0.3380609,0.3348655,0.32707354,0.3380609
2025-11-07,Up,Down,0.33646682,0.33465552,0.3288777,0.33646682
2025-11-10,Up,Down,0.33633605,0.33255908,0.33110484,0.33633605
2025-11-11,Up,Down,0.33785564,0.3302359,0.33190846,0.33785564
2025-11-12,Up,Down,0.33711246,0.33642522,0.32646227,0.33711246
2025-11-13,Ranging,Down,0.33596203,0.33545506,0.3285829,0.33596203
2025-11-14,Ranging,Down,0.34771192,0.34072608,0.31156197,0.34771192
2025-11-17,Down,Ranging,0.3415808,0.34427404,0.31414515,0.34427404
2025-11-18,Down,Down,0.3412216,0.33379227,0.32498616,0.3412216
2025-11-19,Down,Down,0.3395952,0.33777174,0.32263306,0.3395952
2025-11-20,Up,Ranging,0.33542082,0.34259948,0.32197967,0.34259948
2025-11-21,Up,Down,0.35038778,0.33740285,0.31220934,0.35038778
2025-11-24,Up,Down,0.34142143,0.3336127,0.32496592,0.34142143
2025-11-25,Up,Down,0.33688888,0.33323398,0.32987714,0.33688888
2025-11-26,Up,Down,0.3391809,0.33676547,0.3240537,0.3391809
2025-11-27,Ranging,Down,0.33906394,0.33082432,0.33011174,0.33906394
2025-11-28,Ranging,Ranging,0.33325386,0.33502537,0.3317208,0.33502537
2025-12-01,Ranging,Down,0.3406884,0.3314584,0.32785317,0.3406884
2025-12-02,Ranging,Down,0.34345835,0.3346464,0.32189527,0.34345835
2025-12-03,Down,Down,0.3389022,0.33274502,0.32835272,0.3389022
2025-12-04,Down,Ranging,0.33743894,0.33825225,0.32430878,0.33825225
2025-12-05,Down,Ranging,0.33470866,0.3369262,0.32836518,0.3369262
2025-12-08,Down,Ranging,0.33256343,0.33942342,0.32801312,0.33942342
2025-12-09,Down,Down,0.34065896,0.32636598,0.33297506,0.34065896
2025-12-10,Down,Down,0.33832437,0.33047712,0.3311985,0.33832437
2025-12-11,Ranging,Down,0.3400596,0.32822192,0.33171844,0.3400596
2025-12-12,Down,Down,0.338656,0.33393788,0.32740608,0.338656
2025-12-15,Ranging,Down,0.33924386,0.33595365,0.3248025,0.33924386
2025-12-16,Ranging,Down,0.33796224,0.33313355,0.32890424,0.33796224
2025-12-17,Up,Ranging,0.33574283,0.33717355,0.32708362,0.33717355
2025-12-18,Ranging,Down,0.33871087,0.32720298,0.33408615,0.33871087
2025-12-19,Ranging,Down,0.34132594,0.33312932,0.32554474,0.34132594
2025-12-22,Down,Down,0.3381747,0.33751458,0.32431072,0.3381747
2025-12-23,Down,Down,0.34202284,0.33409873,0.32387847,0.34202284
2025-12-24,Down,Down,0.34649786,0.3271784,0.32632378,0.34649786
2025-12-25,Down,Down,0.34474686,0.32932425,0.32592887,0.34474686
2025-12-26,Ranging,Down,0.34752402,0.3255902,0.3268858,0.34752402
2025-12-29,Up,Down,0.34469002,0.33615628,0.31915376,0.34469002
2025-12-30,Up,Ranging,0.33532783,0.34526607,0.31940612,0.34526607
2025-12-31,Up,Ranging,0.33569682,0.34052712,0.3237761,0.34052712
2026-01-01,Up,Down,0.33753222,0.33581173,0.326656,0.33753222
2026-01-02,Up,Ranging,0.3344773,0.34026065,0.325262,0.34026065
2026-01-05,Up,Down,0.3422662,0.32970858,0.32802525,0.3422662
2026-01-06,Up,Down,0.34039083,0.33428916,0.32531998,0.34039083
2026-01-07,Down,Down,0.34446695,0.32997584,0.32555726,0.34446695
2026-01-08,Down,Down,0.33673057,0.33537608,0.3278933,0.33673057
2026-01-09,Ranging,Down,0.34063846,0.3366215,0.32274005,0.34063846
2026-01-12,Down,Ranging,0.3321194,0.3366084,0.33127216,0.3366084
2026-01-13,Down,Down,0.33998224,0.33232602,0.32769173,0.33998224
2026-01-14,Down,Down,0.34183767,0.33268917,0.32547316,0.34183767
2026-01-15,Down,Ranging,0.33668488,0.34189597,0.3214191,0.34189597
2026-01-16,Down,Down,0.34012017,0.3321442,0.32773566,0.34012017
2026-01-19,Down,Down,0.33961284,0.33497125,0.3254159,0.33961284
2026-01-20,Down,Down,0.33858302,0.33247215,0.32894483,0.33858302
2026-01-21,Up,Down,0.33578953,0.3325542,0.3316563,0.33578953
2026-01-22,Up,Ranging,0.33411,0.33514428,0.33074573,0.33514428
2026-01-23,Up,Down,0.34420913,0.3267078,0.32908306,0.34420913
2026-01-26,Up,Up,0.33768147,0.32259873,0.33971983,0.33971983
2026-01-27,Up,Ranging,0.33340585,0.3344504,0.33214372,0.3344504
2026-01-28,Up,Down,0.33983245,0.32345146,0.33671612,0.33983245
2026-01-29,Up,Down,0.340806,0.3269402,0.3322538,0.340806
2026-01-30,Up,Down,0.3383465,0.32720765,0.33444583,0.3383465
2026-02-02,Up,Down,0.34062788,0.32883692,0.3305352,0.34062788
2026-02-03,Up,Down,0.33934322,0.32627237,0.3343844,0.33934322
2026-02-04,Ranging,Ranging,0.33472884,0.34047514,0.32479602,0.34047514
2026-02-05,Up,Down,0.343836,0.33266163,0.32350236,0.343836
2026-02-06,Up,Down,0.3450178,0.3239726,0.33100957,0.3450178
2026-02-09,Up,Down,0.33954754,0.33475393,0.32569855,0.33954754
2026-02-10,Ranging,Down,0.33852404,0.33703,0.32444593,0.33852404
2026-02-11,Ranging,Down,0.34522688,0.3346894,0.32008368,0.34522688
2026-02-12,Down,Down,0.34395143,0.33672357,0.31932506,0.34395143
2026-02-13,Down,Down,0.3409143,0.33897197,0.32011372,0.3409143
2026-02-16,Down,Down,0.33786082,0.33628204,0.3258571,0.33786082
2026-02-17,Down,Ranging,0.3386836,0.3415462,0.31977016,0.3415462
2026-02-18,Down,Up,0.32766548,0.3325242,0.3398103,0.3398103
2026-02-19,Up,Ranging,0.3322569,0.3385337,0.32920933,0.3385337
2026-02-20,Down,Up,0.33309695,0.32668856,0.34021446,0.34021446
2026-02-23,Down,Down,0.34061635,0.32595682,0.33342677,0.34061635
2026-02-24,Down,Down,0.33723417,0.33162537,0.33114052,0.33723417
2026-02-25,Down,Down,0.34016708,0.32533985,0.33449307,0.34016708
2026-02-26,Down,Down,0.33722308,0.326862,0.3359149,0.33722308
2026-02-27,Down,Down,0.34883586,0.32647377,0.3246904,0.34883586
2026-03-02,Down,Up,0.33494744,0.32718694,0.3378656,0.3378656
2026-03-03,Down,Up,0.33251843,0.31968614,0.34779546,0.34779546
2026-03-04,Down,Up,0.3297344,0.32025293,0.35001272,0.35001272
2026-03-05,Down,Up,0.33632928,0.31091842,0.35275227,0.35275227
2026-03-06,Down,Down,0.33695015,0.3276662,0.33538368,0.33695015
2026-03-09,Ranging,Up,0.33835265,0.32221615,0.33943123,0.33943123
2026-03-10,Down,Up,0.33691767,0.31662065,0.34646165,0.34646165
2026-03-11,Ranging,Down,0.33666027,0.32960087,0.33373886,0.33666027
2026-03-12,Down,Up,0.3348555,0.319079,0.34606543,0.34606543
2026-03-13,Down,Up,0.33646497,0.3090453,0.35448965,0.35448965
2026-03-16,Down,Up,0.3375273,0.31004313,0.35242963,0.35242963
2026-03-17,Down,Up,0.33454388,0.325662,0.33979407,0.33979407
2026-03-18,Down,Up,0.33630767,0.3136014,0.3500909,0.3500909
2026-03-19,Up,Down,0.35013428,0.32111844,0.3287473,0.35013428
2026-03-20,Down,Down,0.34391978,0.31624448,0.33983573,0.34391978
2026-03-23,Down,Down,0.3424294,0.31957713,0.3379935,0.3424294
2026-03-24,Down,Down,0.34782758,0.3151972,0.33697522,0.34782758
2026-03-25,Down,Up,0.33131862,0.32331446,0.3453669,0.3453669
2026-03-26,Down,Down,0.3411903,0.32961744,0.32919225,0.3411903
2026-03-27,Down,Down,0.34659505,0.32697222,0.32643276,0.34659505
2026-03-30,Up,Down,0.34151405,0.3246655,0.33382052,0.34151405
2026-03-31,Up,Down,0.33621493,0.32850277,0.33528236,0.33621493
2026-04-01,Up,Ranging,0.33306438,0.33436322,0.33257243,0.33436322
2026-04-02,Up,Down,0.338539,0.32565054,0.33581048,0.338539
2026-04-03,Up,Down,0.34114683,0.32540172,0.33345142,0.34114683
2026-04-06,Up,Down,0.33801025,0.33154324,0.3304465,0.33801025
2026-04-07,Up,Down,0.34435958,0.33350962,0.3221308,0.34435958
2026-04-08,Up,Down,0.3479683,0.33500153,0.31703013,0.3479683
2026-04-09,Up,Down,0.3415877,0.3391432,0.31926915,0.3415877
2026-04-10,Up,Down,0.34888577,0.32782227,0.323292,0.34888577
2026-04-13,Ranging,Down,0.34619632,0.33208787,0.32171577,0.34619632
2026-04-14,Up,Ranging,0.3391855,0.34450528,0.31630924,0.34450528
2026-04-15,Up,Ranging,0.34044307,0.34280148,0.3167554,0.34280148
2026-04-16,Ranging,Down,0.33701083,0.3339172,0.32907194,0.33701083
2026-04-17,Down,Down,0.344107,0.32560325,0.33028972,0.344107
2026-04-20,Down,Down,0.3417617,0.32869428,0.32954404,0.3417617
2026-04-21,Down,Down,0.33760932,0.3338637,0.32852694,0.33760932
2026-04-22,Down,Down,0.34403273,0.319873,0.33609426,0.34403273
2026-04-23,Down,Up,0.33549687,0.32754314,0.33696,0.33696
2026-04-24,Down,Down,0.3357775,0.3352434,0.32897913,0.3357775
2026-04-27,Down,Up,0.32730553,0.33386427,0.3388302,0.3388302
2026-04-28,Down,Ranging,0.32852033,0.34013516,0.33134452,0.34013516
2026-04-29,Ranging,Up,0.3271896,0.33599502,0.33681542,0.33681542
2026-04-30,Up,Ranging,0.32749477,0.33778912,0.3347161,0.33778912
2026-05-01,Ranging,Ranging,0.32523257,0.34020174,0.33456567,0.34020174
2026-05-04,Ranging,Ranging,0.3324209,0.33491853,0.33266056,0.33491853
