,actual_regime,pred_regime,prob_down,prob_ranging,prob_up
2023-02-14,Down,Down,0.42255244,0.1819905,0.3954571
2023-02-15,Down,Down,0.43418285,0.17773886,0.38807833
2023-02-16,Down,Down,0.42774215,0.17342353,0.39883432
2023-02-17,Down,Down,0.41974375,0.17359078,0.4066655
2023-02-20,Ranging,Up,0.40137318,0.17993629,0.41869053
2023-02-21,Ranging,Down,0.42335388,0.18671708,0.3899291
2023-02-22,Up,Up,0.39671507,0.19476798,0.40851694
2023-02-23,Up,Down,0.42131832,0.17868283,0.39999878
2023-02-24,Up,Up,0.40704423,0.175831,0.41712478
2023-02-27,Up,Up,0.41212863,0.16787603,0.41999534
2023-02-28,Up,Down,0.41847068,0.18243556,0.3990938
2023-03-01,Up,Down,0.41159698,0.18163605,0.40676698
2023-03-02,Ranging,Down,0.42312723,0.17664024,0.40023252
2023-03-03,Down,Up,0.405464,0.18466617,0.40986985
2023-03-06,Down,Down,0.44738516,0.17359345,0.3790214
2023-03-07,Down,Down,0.4366616,0.18768544,0.375653
2023-03-08,Down,Down,0.4228784,0.17460169,0.40251994
2023-03-09,Down,Down,0.42345634,0.17255701,0.40398666
2023-03-10,Down,Down,0.4110248,0.18629636,0.4026788
2023-03-13,Up,Up,0.3560452,0.17793253,0.46602234
2023-03-14,Up,Up,0.3521688,0.16463958,0.48319164
2023-03-15,Up,Up,0.35862634,0.15273257,0.48864108
2023-03-16,Up,Up,0.36798468,0.1596146,0.47240075
2023-03-17,Up,Up,0.36532456,0.14799453,0.48668095
2023-03-20,Up,Up,0.3689041,0.17423098,0.45686495
2023-03-21,Ranging,Up,0.36199856,0.15532793,0.48267347
2023-03-22,Down,Up,0.3665184,0.1696924,0.46378925
2023-03-23,Ranging,Up,0.38506657,0.15801056,0.4569229
2023-03-24,Up,Up,0.37966454,0.16529593,0.45503956
2023-03-27,Up,Up,0.36865965,0.1649374,0.46640292
2023-03-28,Up,Up,0.34983328,0.1776085,0.47255823
2023-03-29,Up,Up,0.3628143,0.17942415,0.45776153
2023-03-30,Up,Up,0.34114507,0.16998525,0.4888697
2023-03-31,Ranging,Up,0.3824434,0.18296078,0.43459585
2023-04-03,Down,Up,0.36060756,0.17293538,0.46645707
2023-04-04,Ranging,Up,0.3951005,0.19519663,0.40970287
2023-04-05,Up,Up,0.39471483,0.17091939,0.4343658
2023-04-06,Up,Up,0.4024969,0.18058911,0.41691396
2023-04-07,Up,Up,0.39476568,0.18928772,0.4159466
2023-04-10,Up,Down,0.39842457,0.20807911,0.39349627
2023-04-11,Up,Up,0.37595767,0.20883101,0.41521132
2023-04-12,Ranging,Up,0.39232293,0.2018751,0.40580195
2023-04-13,Ranging,Up,0.39208388,0.21157373,0.39634234
2023-04-14,Down,Up,0.39072543,0.20285515,0.40641937
2023-04-17,Ranging,Up,0.36375943,0.21120684,0.42503375
2023-04-18,Up,Up,0.37378797,0.19178922,0.43442282
2023-04-19,Up,Up,0.3789421,0.19154778,0.42951015
2023-04-20,Up,Up,0.35974407,0.19035766,0.44989833
2023-04-21,Up,Up,0.35510287,0.22612992,0.41876724
2023-04-24,Up,Up,0.35470027,0.21614705,0.42915267
2023-04-25,Up,Up,0.33870357,0.22227658,0.43901986
2023-04-26,Up,Up,0.34934908,0.20446593,0.446185
2023-04-27,Ranging,Up,0.3366855,0.20538864,0.45792586
2023-04-28,Up,Up,0.34534416,0.20240006,0.45225582
2023-05-01,Up,Up,0.37613726,0.22845125,0.3954115
2023-05-02,Up,Up,0.37110442,0.23127925,0.39761633
2023-05-03,Up,Up,0.3459717,0.24424425,0.409784
2023-05-04,Up,Up,0.35839003,0.2209482,0.42066175
2023-05-05,Up,Up,0.3416858,0.22283362,0.43548056
2023-05-08,Up,Up,0.33892587,0.21773972,0.44333437
2023-05-09,Up,Up,0.3510926,0.21032171,0.43858567
2023-05-10,Ranging,Up,0.34865516,0.21131957,0.44002524
2023-05-11,Up,Up,0.34988287,0.20905998,0.44105712
2023-05-12,Up,Up,0.32855704,0.19811375,0.47332925
2023-05-15,Up,Up,0.37991402,0.19979073,0.42029524
2023-05-16,Up,Up,0.37441185,0.20354392,0.42204422
2023-05-17,Ranging,Up,0.35460922,0.19042969,0.45496112
2023-05-18,Down,Up,0.35190505,0.19461264,0.4534823
2023-05-19,Ranging,Up,0.36092,0.19759196,0.44148797
2023-05-22,Ranging,Up,0.34880817,0.21187334,0.43931848
2023-05-23,Ranging,Up,0.32707927,0.20467901,0.4682417
2023-05-24,Up,Up,0.35727763,0.20072049,0.44200188
2023-05-25,Ranging,Up,0.34471676,0.20709154,0.44819167
2023-05-26,Down,Up,0.35979068,0.20118679,0.43902254
2023-05-29,Ranging,Up,0.38721648,0.20556489,0.40721864
2023-05-30,Down,Up,0.3646587,0.21840322,0.41693807
2023-05-31,Down,Up,0.3994886,0.18831907,0.41219237
2023-06-01,Ranging,Up,0.38884363,0.18749166,0.4236647
2023-06-02,Ranging,Up,0.3895886,0.18097709,0.4294343
2023-06-05,Down,Up,0.37011006,0.19438319,0.4355068
2023-06-06,Ranging,Up,0.36581814,0.19496141,0.4392204
2023-06-07,Ranging,Up,0.3659888,0.19137974,0.4426315
2023-06-08,Down,Up,0.37863863,0.19342318,0.4279382
2023-06-09,Down,Up,0.39393055,0.19655967,0.40950978
2023-06-12,Down,Up,0.3929355,0.19398114,0.41308337
2023-06-13,Down,Up,0.3953759,0.19011556,0.41450852
2023-06-14,Down,Up,0.38563266,0.19201472,0.42235267
2023-06-15,Ranging,Up,0.39022592,0.21736099,0.39241308
2023-06-16,Down,Up,0.3743044,0.20921642,0.41647923
2023-06-19,Up,Up,0.38036028,0.20447165,0.41516808
2023-06-20,Up,Up,0.37803888,0.20364705,0.4183141
2023-06-21,Up,Up,0.3798186,0.1986196,0.42156187
2023-06-22,Up,Up,0.3622104,0.20254159,0.43524802
2023-06-23,Up,Up,0.3735731,0.18499692,0.44143003
2023-06-26,Up,Up,0.37297705,0.19600126,0.43102166
2023-06-27,Up,Up,0.3965629,0.19027732,0.41315976
2023-06-28,Up,Down,0.4234547,0.2048338,0.37171152
2023-06-29,Up,Down,0.42724285,0.20887497,0.3638822
2023-06-30,Up,Down,0.3992654,0.22308183,0.37765276
2023-07-03,Up,Down,0.4008678,0.22098103,0.3781512
2023-07-04,Ranging,Down,0.39963663,0.22593726,0.37442613
2023-07-05,Down,Down,0.4072283,0.2013513,0.39142045
2023-07-06,Down,Up,0.39984524,0.18742631,0.4127285
2023-07-07,Up,Down,0.42413786,0.19771028,0.37815186
2023-07-10,Up,Up,0.3938572,0.19815043,0.40799233
2023-07-11,Up,Down,0.40122655,0.203343,0.39543042
2023-07-12,Up,Up,0.39232892,0.20431308,0.40335798
2023-07-13,Up,Down,0.4058294,0.19738585,0.39678475
2023-07-14,Up,Up,0.37119424,0.20977046,0.41903526
2023-07-17,Up,Down,0.3996985,0.21191768,0.38838387
2023-07-18,Up,Up,0.37929285,0.20300947,0.41769767
2023-07-19,Up,Up,0.37226978,0.19229755,0.43543267
2023-07-20,Down,Up,0.3714655,0.21152206,0.41701248
2023-07-21,Ranging,Up,0.37200835,0.20202367,0.42596793
2023-07-24,Up,Up,0.36509055,0.20250289,0.43240657
2023-07-25,Ranging,Up,0.36665457,0.19727032,0.43607503
2023-07-26,Down,Up,0.38438478,0.18549457,0.43012068
2023-07-27,Down,Up,0.38434777,0.19386438,0.42178786
2023-07-28,Down,Up,0.3716412,0.19783184,0.43052697
2023-07-31,Down,Up,0.38022,0.20215644,0.41762355
2023-08-01,Down,Up,0.35972407,0.2377028,0.4025731
2023-08-02,Down,Up,0.35611093,0.21325251,0.43063655
2023-08-03,Up,Up,0.3716244,0.16547969,0.46289596
2023-08-04,Down,Up,0.36189386,0.17641243,0.46169376
2023-08-07,Down,Up,0.35809946,0.17147991,0.47042066
2023-08-08,Down,Up,0.36804217,0.1825116,0.4494462
2023-08-09,Down,Up,0.37058252,0.18198232,0.44743514
2023-08-10,Down,Up,0.3831288,0.19833764,0.41853353
2023-08-11,Ranging,Down,0.41181496,0.17871031,0.4094748
2023-08-14,Down,Up,0.39444697,0.17501189,0.43054122
2023-08-15,Down,Up,0.4069494,0.17006114,0.42298943
2023-08-16,Up,Up,0.41099963,0.1685734,0.420427
2023-08-17,Up,Up,0.40471882,0.17651542,0.41876578
2023-08-18,Up,Up,0.37590635,0.18820456,0.43588904
2023-08-21,Up,Up,0.4037005,0.1913576,0.40494186
2023-08-22,Up,Down,0.41939187,0.18965977,0.39094839
2023-08-23,Down,Down,0.4018043,0.19803351,0.4001622
2023-08-24,Down,Down,0.41446155,0.19857591,0.38696253
2023-08-25,Ranging,Up,0.39649734,0.20286071,0.40064195
2023-08-28,Ranging,Up,0.39093298,0.19597425,0.41309282
2023-08-29,Ranging,Up,0.38813528,0.19484349,0.41702121
2023-08-30,Ranging,Up,0.37890455,0.18704104,0.43405437
2023-08-31,Up,Up,0.3589077,0.20968096,0.43141133
2023-09-01,Ranging,Up,0.3611799,0.21471113,0.424109
2023-09-04,Up,Down,0.41284275,0.23322171,0.35393554
2023-09-05,Up,Up,0.38216463,0.21161506,0.4062203
2023-09-06,Up,Up,0.395293,0.17770624,0.4270008
2023-09-07,Up,Down,0.44462174,0.18468332,0.37069497
2023-09-08,Up,Down,0.4257551,0.19301581,0.38122904
2023-09-11,Up,Down,0.41575417,0.199797,0.3844488
2023-09-12,Ranging,Up,0.39897782,0.18417443,0.41684774
2023-09-13,Ranging,Up,0.39953452,0.19145986,0.40900558
2023-09-14,Down,Up,0.40073895,0.19612633,0.40313467
2023-09-15,Down,Up,0.3882365,0.2026097,0.40915385
2023-09-18,Down,Down,0.40813673,0.21657002,0.37529323
2023-09-19,Down,Down,0.39291483,0.21436383,0.39272135
2023-09-20,Down,Up,0.384125,0.220412,0.39546305
2023-09-21,Down,Down,0.40561342,0.19378693,0.4005996
2023-09-22,Ranging,Up,0.36468834,0.1902521,0.44505957
2023-09-25,Down,Up,0.36096525,0.18277095,0.45626375
2023-09-26,Down,Up,0.35987225,0.18179746,0.4583303
2023-09-27,Down,Up,0.3679809,0.18299282,0.44902632
2023-09-28,Ranging,Up,0.37737113,0.18079714,0.44183177
2023-09-29,Down,Down,0.40374663,0.19521877,0.40103456
2023-10-02,Down,Down,0.40371335,0.19972686,0.39655977
2023-10-03,Up,Up,0.39694607,0.19692475,0.40612915
2023-10-04,Up,Up,0.38630325,0.1901541,0.42354265
2023-10-05,Up,Up,0.37631813,0.20348547,0.42019638
2023-10-06,Up,Down,0.39733893,0.20782447,0.39483657
2023-10-09,Up,Down,0.3888724,0.24615955,0.36496797
2023-10-10,Ranging,Down,0.38965824,0.24485484,0.36548692
2023-10-11,Down,Down,0.4041336,0.2358766,0.3599898
2023-10-12,Down,Down,0.4250267,0.22405235,0.35092092
2023-10-13,Down,Down,0.44034988,0.20615044,0.35349965
2023-10-16,Down,Down,0.39044908,0.22030564,0.38924524
2023-10-17,Down,Down,0.41408277,0.20946524,0.376452
2023-10-18,Down,Down,0.4165423,0.20624033,0.37721738
2023-10-19,Down,Up,0.3861819,0.1980242,0.41579387
2023-10-20,Down,Up,0.3941685,0.18846013,0.41737142
2023-10-23,Down,Up,0.39218387,0.18571723,0.4220989
2023-10-24,Down,Up,0.38739792,0.17262818,0.4399739
2023-10-25,Ranging,Up,0.3838867,0.19644055,0.41967273
2023-10-26,Up,Down,0.41011524,0.2068415,0.38304326
2023-10-27,Up,Up,0.38907593,0.21051285,0.40041128
2023-10-30,Up,Up,0.36897954,0.20727132,0.42374912
2023-10-31,Up,Up,0.35949156,0.22371097,0.4167974
2023-11-01,Up,Up,0.37526703,0.22426137,0.4004716
2023-11-02,Up,Up,0.37460512,0.2203164,0.40507847
2023-11-03,Up,Down,0.4155628,0.20426968,0.3801675
2023-11-06,Down,Down,0.41830748,0.21135406,0.37033847
2023-11-07,Down,Down,0.40351945,0.21637279,0.38010776
2023-11-08,Up,Down,0.41173357,0.20444238,0.38382402
2023-11-09,Ranging,Down,0.40423262,0.1986969,0.3970705
2023-11-10,Down,Down,0.44696411,0.22510993,0.32792598
2023-11-13,Down,Up,0.36963487,0.21682605,0.41353908
2023-11-14,Down,Up,0.356234,0.23366508,0.41010094
2023-11-15,Down,Up,0.3603841,0.22137819,0.41823775
2023-11-16,Down,Up,0.3604185,0.22281177,0.4167697
2023-11-17,Up,Up,0.36737868,0.19969457,0.43292677
2023-11-20,Up,Up,0.34699428,0.21627222,0.4367335
2023-11-21,Ranging,Up,0.33587772,0.20260641,0.46151584
2023-11-22,Up,Up,0.34353453,0.23581833,0.42064708
2023-11-23,Up,Up,0.34447646,0.2403557,0.41516787
2023-11-24,Up,Up,0.3598834,0.23042025,0.40969637
2023-11-27,Up,Down,0.38368064,0.23895998,0.37735933
2023-11-28,Up,Up,0.36437392,0.23516943,0.40045664
2023-11-29,Up,Up,0.36364222,0.2422819,0.39407587
2023-11-30,Up,Up,0.38236773,0.23128231,0.38635
2023-12-01,Up,Up,0.37304488,0.23904958,0.38790548
2023-12-04,Up,Down,0.39465454,0.21782002,0.38752544
2023-12-05,Ranging,Up,0.36264238,0.23084255,0.406515
2023-12-06,Up,Up,0.35551244,0.23846872,0.40601885
2023-12-07,Up,Up,0.37653568,0.2147384,0.40872586
2023-12-08,Up,Up,0.38195363,0.20291932,0.4151271
2023-12-11,Ranging,Up,0.38293147,0.21627139,0.4007972
2023-12-12,Ranging,Up,0.35898054,0.20597391,0.43504554
2023-12-13,Down,Up,0.362573,0.21069449,0.42673257
2023-12-14,Down,Up,0.33486575,0.22154422,0.44359
2023-12-15,Down,Up,0.3484631,0.20080188,0.45073503
2023-12-18,Down,Up,0.3421933,0.21271254,0.44509414
2023-12-19,Down,Up,0.33349144,0.20628987,0.4602187
2023-12-20,Ranging,Up,0.34311908,0.21164984,0.44523105
2023-12-21,Ranging,Up,0.33920303,0.19887611,0.46192083
2023-12-22,Ranging,Up,0.35159802,0.21292979,0.43547216
2023-12-25,Ranging,Up,0.33891794,0.22222553,0.43885657
2023-12-26,Down,Up,0.3267371,0.22032838,0.4529345
2023-12-27,Down,Up,0.35111746,0.22209923,0.42678332
2023-12-28,Down,Up,0.3728405,0.21297953,0.41418
2023-12-29,Ranging,Up,0.3587237,0.22449166,0.4167846
2024-01-01,Down,Up,0.3868035,0.21113163,0.40206486
2024-01-02,Ranging,Up,0.39678627,0.20343664,0.39977705
2024-01-03,Up,Down,0.40026882,0.20351253,0.3962186
2024-01-04,Ranging,Up,0.37357748,0.2126504,0.41377208
2024-01-05,Up,Up,0.38611153,0.2266964,0.387192
2024-01-08,Up,Up,0.35196444,0.20298062,0.44505492
2024-01-09,Up,Up,0.32173997,0.18063366,0.49762642
2024-01-10,Down,Up,0.3203051,0.1905487,0.4891462
2024-01-11,Ranging,Up,0.3341986,0.22428738,0.44151405
2024-01-12,Ranging,Up,0.33233672,0.22136743,0.4462959
2024-01-15,Down,Down,0.39596123,0.23734105,0.36669773
2024-01-16,Up,Up,0.37268782,0.22027814,0.407034
2024-01-17,Up,Up,0.38060722,0.2002249,0.4191679
2024-01-18,Up,Up,0.35750735,0.19422166,0.44827095
2024-01-19,Up,Up,0.35687056,0.20356488,0.43956453
2024-01-22,Up,Up,0.3705018,0.20961893,0.41987926
2024-01-23,Down,Up,0.3855022,0.2258181,0.38867974
2024-01-24,Up,Down,0.40431172,0.19856247,0.39712584
2024-01-25,Up,Down,0.42287377,0.21524554,0.3618807
2024-01-26,Up,Down,0.39191565,0.22579022,0.38229415
2024-01-29,Up,Up,0.38292435,0.2187812,0.39829448
2024-01-30,Up,Up,0.35344127,0.2499187,0.39664003
2024-01-31,Ranging,Down,0.4035916,0.23238672,0.36402166
2024-02-01,Down,Down,0.3838206,0.25846732,0.3577121
2024-02-02,Down,Up,0.37101457,0.23328553,0.39569992
2024-02-05,Down,Down,0.4064217,0.22313921,0.3704391
2024-02-06,Down,Up,0.37122574,0.2094945,0.41927972
2024-02-07,Ranging,Up,0.37515274,0.20656464,0.4182826
2024-02-08,Up,Up,0.3719976,0.22609487,0.4019075
2024-02-09,Up,Up,0.37828827,0.1929705,0.42874128
2024-02-12,Up,Down,0.40973765,0.1996012,0.39066115
2024-02-13,Up,Up,0.38212088,0.21206383,0.40581524
2024-02-14,Up,Up,0.40026593,0.19453852,0.40519556
2024-02-15,Up,Up,0.3912785,0.21400462,0.39471686
2024-02-16,Up,Up,0.378385,0.20784698,0.41376802
2024-02-19,Up,Up,0.38814718,0.20802008,0.40383276
2024-02-20,Up,Down,0.4100035,0.1981201,0.39187643
2024-02-21,Ranging,Down,0.3975201,0.20940815,0.3930718
2024-02-22,Down,Down,0.395914,0.217381,0.386705
2024-02-23,Up,Up,0.3861165,0.21484154,0.39904192
2024-02-26,Up,Up,0.39204034,0.21028638,0.3976733
2024-02-27,Up,Up,0.36745998,0.21620592,0.41633412
2024-02-28,Up,Up,0.36173913,0.24932839,0.3889325
2024-02-29,Up,Down,0.4162548,0.23343937,0.35030583
2024-03-01,Ranging,Down,0.42516184,0.23238641,0.34245175
2024-03-04,Down,Down,0.4206086,0.2314183,0.34797314
2024-03-05,Down,Down,0.42552823,0.2402979,0.33417383
2024-03-06,Down,Down,0.4286946,0.24314693,0.32815847
2024-03-07,Ranging,Down,0.42818424,0.25044462,0.32137114
2024-03-08,Down,Down,0.40976247,0.2519829,0.3382546
2024-03-11,Ranging,Down,0.40554953,0.24471463,0.34973586
2024-03-12,Up,Down,0.38627487,0.23534313,0.37838197
2024-03-13,Ranging,Down,0.3872455,0.24679218,0.36596227
2024-03-14,Ranging,Down,0.40712458,0.2431947,0.34968078
2024-03-15,Up,Down,0.41741064,0.21382628,0.36876306
2024-03-18,Up,Down,0.40024856,0.23922122,0.3605302
2024-03-19,Ranging,Down,0.40445134,0.21731086,0.3782378
2024-03-20,Ranging,Down,0.40742072,0.23806603,0.35451323
2024-03-21,Up,Up,0.37975216,0.22890435,0.39134347
2024-03-22,Ranging,Down,0.4024782,0.2502471,0.3472747
2024-03-25,Up,Up,0.40416005,0.19090085,0.40493912
2024-03-26,Ranging,Up,0.40336004,0.18618299,0.410457
2024-03-27,Down,Down,0.40796542,0.19028193,0.40175265
2024-03-28,Down,Down,0.43812755,0.1776811,0.38419133
2024-03-29,Down,Down,0.41627824,0.1896793,0.3940425
2024-04-01,Down,Down,0.43492058,0.19467847,0.370401
2024-04-02,Up,Down,0.43630126,0.17917599,0.38452277
2024-04-03,Up,Down,0.43523026,0.19988337,0.36488634
2024-04-04,Up,Down,0.4193389,0.20693608,0.373725
2024-04-05,Up,Down,0.44358423,0.19553111,0.36088464
2024-04-08,Down,Down,0.4209154,0.21003674,0.36904782
2024-04-09,Down,Down,0.41829246,0.21043459,0.37127298
2024-04-10,Down,Down,0.41809475,0.21050969,0.3713956
2024-04-11,Down,Down,0.41069484,0.2063273,0.38297787
2024-04-12,Down,Down,0.40950894,0.20163311,0.38885793
2024-04-15,Up,Down,0.4082542,0.20723195,0.38451388
2024-04-16,Up,Up,0.403694,0.17827222,0.41803378
2024-04-17,Up,Up,0.39397198,0.18135144,0.4246766
2024-04-18,Up,Down,0.4281474,0.18152758,0.39032495
2024-04-19,Up,Down,0.42511073,0.1714733,0.40341598
2024-04-22,Up,Down,0.41592333,0.1829387,0.40113795
2024-04-23,Up,Down,0.41420975,0.1805919,0.40519834
2024-04-24,Up,Down,0.41297176,0.19322702,0.3938012
2024-04-25,Up,Down,0.4343741,0.18018292,0.38544303
2024-04-26,Up,Down,0.4570368,0.17959243,0.3633708
2024-04-29,Down,Down,0.4288535,0.20205641,0.36909008
2024-04-30,Down,Down,0.4197619,0.20591688,0.37432122
2024-05-01,Down,Down,0.4045638,0.2026164,0.39281976
2024-05-02,Down,Up,0.3904105,0.20987739,0.39971206
2024-05-03,Down,Up,0.37904608,0.21109034,0.40986356
2024-05-06,Down,Up,0.35236165,0.20588242,0.44175595
2024-05-07,Down,Up,0.3668807,0.2132611,0.41985816
2024-05-08,Ranging,Up,0.3623136,0.21772993,0.41995645
2024-05-09,Up,Up,0.35627952,0.23151572,0.41220477
2024-05-10,Up,Up,0.3568864,0.22468029,0.41843328
2024-05-13,Ranging,Up,0.35555276,0.2204373,0.42400995
2024-05-14,Ranging,Up,0.34065163,0.22447006,0.43487832
2024-05-15,Down,Up,0.3244099,0.21254048,0.4630496
2024-05-16,Ranging,Up,0.3180118,0.23884268,0.44314554
2024-05-17,Ranging,Up,0.357345,0.21072417,0.43193078
2024-05-20,Ranging,Up,0.36452004,0.23991701,0.39556292
2024-05-21,Ranging,Down,0.41016996,0.2512185,0.33861154
2024-05-22,Down,Down,0.40060386,0.25948587,0.33991027
2024-05-23,Down,Down,0.40137118,0.26766255,0.33096626
2024-05-24,Down,Down,0.4039089,0.24427575,0.35181534
2024-05-27,Up,Down,0.3971764,0.25662807,0.34619555
2024-05-28,Down,Down,0.39821312,0.2540024,0.34778443
2024-05-29,Up,Down,0.4181046,0.22351874,0.35837662
2024-05-30,Up,Down,0.41091436,0.22149587,0.36758977
2024-05-31,Up,Down,0.39286077,0.21827252,0.38886678
2024-06-03,Down,Down,0.39288557,0.24295518,0.36415923
2024-06-04,Up,Up,0.3872252,0.22503862,0.38773614
2024-06-05,Up,Up,0.35454753,0.18696465,0.45848778
2024-06-06,Ranging,Up,0.3895045,0.18992403,0.42057142
2024-06-07,Down,Up,0.37429658,0.19500098,0.43070248
2024-06-10,Down,Up,0.37252098,0.20897634,0.41850266
2024-06-11,Ranging,Up,0.37423483,0.20295805,0.4228071
2024-06-12,Up,Up,0.35706463,0.2058093,0.43712604
2024-06-13,Up,Up,0.3737372,0.19894704,0.42731583
2024-06-14,Up,Up,0.34415236,0.20964621,0.4462014
2024-06-17,Up,Up,0.3305547,0.22612861,0.44331676
2024-06-18,Up,Up,0.36237004,0.23359038,0.40403956
2024-06-19,Up,Up,0.35530138,0.21855246,0.42614612
2024-06-20,Up,Up,0.36350155,0.21592145,0.42057702
2024-06-21,Up,Down,0.39584693,0.2527033,0.3514497
2024-06-24,Up,Up,0.38844424,0.22217068,0.38938513
2024-06-25,Ranging,Up,0.3740409,0.24764466,0.37831447
2024-06-26,Down,Down,0.4220177,0.23241529,0.34556696
2024-06-27,Up,Down,0.3982949,0.20889558,0.39280957
2024-06-28,Up,Up,0.37004763,0.25725803,0.37269434
2024-07-01,Up,Down,0.40177998,0.22694398,0.37127608
2024-07-02,Up,Down,0.3977553,0.22613782,0.37610686
2024-07-03,Up,Up,0.37465858,0.23017596,0.3951654
2024-07-04,Ranging,Down,0.39987642,0.2523333,0.34779027
2024-07-05,Ranging,Down,0.3969017,0.25898388,0.34411445
2024-07-08,Ranging,Down,0.4024385,0.253454,0.34410748
2024-07-09,Ranging,Up,0.35342148,0.26400286,0.3825757
2024-07-10,Ranging,Up,0.3637398,0.26935846,0.36690173
2024-07-11,Up,Up,0.36092123,0.26494408,0.37413466
2024-07-12,Up,Down,0.3798404,0.28311172,0.33704787
2024-07-15,Up,Down,0.38200453,0.25977758,0.35821787
2024-07-16,Down,Down,0.3640105,0.2962437,0.33974582
2024-07-17,Down,Down,0.38428196,0.26947525,0.34624273
2024-07-18,Down,Down,0.38468263,0.274083,0.34123442
2024-07-19,Down,Down,0.42534462,0.24283439,0.33182102
2024-07-22,Down,Down,0.39713728,0.26632997,0.3365327
2024-07-23,Down,Down,0.38868245,0.2459745,0.365343
2024-07-24,Ranging,Down,0.37896922,0.26055214,0.3604787
2024-07-25,Up,Down,0.40613222,0.2329791,0.3608887
2024-07-26,Down,Up,0.3670306,0.26536658,0.3676028
2024-07-29,Down,Up,0.35958815,0.25126714,0.38914475
2024-07-30,Down,Up,0.3523091,0.2593242,0.3883667
2024-07-31,Down,Up,0.36535293,0.25315475,0.38149235
2024-08-01,Down,Up,0.36483917,0.25370178,0.38145906
2024-08-02,Down,Up,0.3434271,0.24732094,0.409252
2024-08-05,Up,Up,0.31572026,0.22672336,0.45755634
2024-08-06,Up,Up,0.3019172,0.18468635,0.51339644
2024-08-07,Ranging,Up,0.3063659,0.19456975,0.49906436
2024-08-08,Ranging,Up,0.31570014,0.22680043,0.45749947
2024-08-09,Up,Up,0.33296418,0.19066216,0.4763736
2024-08-12,Ranging,Up,0.34588838,0.23224115,0.4218705
2024-08-13,Up,Up,0.37361225,0.2168997,0.4094881
2024-08-14,Up,Up,0.36549217,0.23238754,0.40212026
2024-08-15,Up,Up,0.3521788,0.19579671,0.4520245
2024-08-16,Up,Up,0.36755133,0.21485977,0.4175889
2024-08-19,Up,Up,0.36474696,0.2255383,0.4097147
2024-08-20,Up,Up,0.36084744,0.22894233,0.4102102
2024-08-21,Up,Down,0.41978317,0.22515441,0.35506243
2024-08-22,Up,Down,0.40195477,0.22775508,0.3702902
2024-08-23,Up,Down,0.41571686,0.22123106,0.3630521
2024-08-26,Up,Down,0.41683656,0.23298436,0.35017908
2024-08-27,Up,Down,0.40880924,0.2307763,0.36041448
2024-08-28,Up,Down,0.3962803,0.25955513,0.34416458
2024-08-29,Up,Down,0.40438744,0.24632873,0.34928387
2024-08-30,Down,Down,0.40141812,0.26055235,0.3380295
2024-09-02,Ranging,Down,0.41982177,0.2704619,0.3097163
2024-09-03,Down,Down,0.42259395,0.26973048,0.30767557
2024-09-04,Ranging,Down,0.398693,0.26826558,0.33304146
2024-09-05,Up,Down,0.41665158,0.24525543,0.33809298
2024-09-06,Up,Down,0.4199143,0.20754871,0.37253693
2024-09-09,Up,Up,0.35069498,0.25879464,0.39051038
2024-09-10,Up,Up,0.34444645,0.25910217,0.39645135
2024-09-11,Up,Up,0.34043804,0.28423697,0.37532502
2024-09-12,Up,Up,0.35092506,0.27015388,0.37892106
2024-09-13,Up,Down,0.3923786,0.2494018,0.35821962
2024-09-16,Up,Down,0.3882745,0.2501555,0.36156997
2024-09-17,Up,Down,0.37647212,0.25046432,0.37306356
2024-09-18,Up,Down,0.3866616,0.25694066,0.3563977
2024-09-19,Up,Down,0.397718,0.25705606,0.34522593
2024-09-20,Down,Down,0.41360784,0.24215476,0.3442374
2024-09-23,Down,Down,0.41379428,0.255502,0.33070374
2024-09-24,Down,Down,0.4077091,0.25183532,0.34045556
2024-09-25,Down,Down,0.3936583,0.25375444,0.35258728
2024-09-26,Down,Down,0.39732355,0.25450262,0.34817377
2024-09-27,Down,Down,0.39640322,0.2630186,0.3405782
2024-09-30,Down,Up,0.34783137,0.25386858,0.3983001
2024-10-01,Down,Up,0.3796323,0.23249002,0.38787767
2024-10-02,Down,Down,0.3903883,0.23123337,0.3783783
2024-10-03,Down,Down,0.3829741,0.23882881,0.3781971
2024-10-04,Down,Down,0.40044123,0.20150475,0.398054
2024-10-07,Ranging,Up,0.4014986,0.18571715,0.41278425
2024-10-08,Up,Up,0.39363742,0.19574514,0.41061744
2024-10-09,Ranging,Down,0.40945837,0.20318733,0.38735428
2024-10-10,Down,Up,0.39443544,0.21072575,0.39483878
2024-10-11,Up,Down,0.40398064,0.2021576,0.39386174
2024-10-14,Up,Up,0.39106378,0.21423042,0.39470583
2024-10-15,Up,Down,0.43016404,0.19866537,0.3711706
2024-10-16,Up,Down,0.42805818,0.20421508,0.3677268
2024-10-17,Up,Down,0.4192459,0.19281037,0.38794374
2024-10-18,Down,Up,0.3898562,0.19150496,0.41863883
2024-10-21,Up,Down,0.41905728,0.19741105,0.3835317
2024-10-22,Up,Up,0.38713205,0.20856312,0.4043048
2024-10-23,Up,Up,0.3828463,0.20300967,0.41414407
2024-10-24,Up,Down,0.4375746,0.22151686,0.3409085
2024-10-25,Up,Down,0.43899813,0.22535986,0.33564198
2024-10-28,Down,Down,0.42964002,0.2254641,0.34489587
2024-10-29,Down,Down,0.43129626,0.23320684,0.3354969
2024-10-30,Down,Down,0.4565368,0.22077985,0.32268342
2024-10-31,Down,Down,0.45684728,0.22126162,0.32189113
2024-11-01,Down,Down,0.43080795,0.23480923,0.3343828
2024-11-04,Ranging,Down,0.46401393,0.2258905,0.31009555
2024-11-05,Down,Down,0.41413033,0.25291255,0.33295712
2024-11-06,Down,Down,0.41844913,0.25013083,0.33142
2024-11-07,Down,Down,0.44951537,0.21522638,0.3352582
2024-11-08,Ranging,Down,0.4279408,0.23388092,0.33817834
2024-11-11,Down,Down,0.41789213,0.22837059,0.35373724
2024-11-12,Down,Down,0.43088722,0.21805517,0.35105765
2024-11-13,Ranging,Down,0.42875794,0.20904778,0.36219424
2024-11-14,Ranging,Down,0.43636182,0.21086387,0.35277435
2024-11-15,Up,Down,0.42677185,0.22033334,0.3528948
2024-11-18,Up,Down,0.43725625,0.21148548,0.3512583
2024-11-19,Up,Down,0.41911632,0.22196564,0.35891807
2024-11-20,Up,Down,0.4240683,0.21960644,0.35632527
2024-11-21,Up,Down,0.44730464,0.22873895,0.32395646
2024-11-22,Up,Down,0.42369193,0.24389727,0.3324108
2024-11-25,Ranging,Down,0.45923153,0.25422442,0.28654397
2024-11-26,Ranging,Down,0.4071502,0.2198761,0.37297365
2024-11-27,Up,Down,0.42218137,0.21650419,0.36131442
2024-11-28,Up,Up,0.391052,0.19967106,0.4092769
2024-11-29,Up,Down,0.41400924,0.20696712,0.37902367
2024-12-02,Up,Up,0.3483513,0.20199363,0.44965506
2024-12-03,Up,Up,0.3777365,0.20527449,0.41698897
2024-12-04,Up,Up,0.3795186,0.18513744,0.435344
2024-12-05,Ranging,Up,0.37478805,0.19019574,0.43501616
2024-12-06,Up,Up,0.36367837,0.21035145,0.42597023
2024-12-09,Up,Up,0.3689827,0.20086604,0.43015128
2024-12-10,Ranging,Up,0.38501564,0.22163178,0.39335263
2024-12-11,Down,Up,0.3970127,0.20419203,0.39879522
2024-12-12,Down,Up,0.36085454,0.23815657,0.4009889
2024-12-13,Down,Up,0.3665136,0.25094497,0.38254148
2024-12-16,Down,Up,0.37737545,0.22697957,0.39564493
2024-12-17,Down,Up,0.36711666,0.24487118,0.3880122
2024-12-18,Down,Up,0.3577135,0.21849354,0.42379302
2024-12-19,Up,Up,0.3621908,0.20204806,0.43576106
2024-12-20,Up,Up,0.36512688,0.2013569,0.43351617
2024-12-23,Ranging,Up,0.38124418,0.18812768,0.43062812
2024-12-24,Down,Down,0.41485348,0.1825807,0.4025658
2024-12-25,Down,Down,0.42398313,0.21729876,0.35871813
2024-12-26,Ranging,Down,0.4257644,0.20428675,0.36994886
2024-12-27,Down,Down,0.42499512,0.21265076,0.36235416
2024-12-30,Down,Down,0.46628976,0.20682573,0.32688454
2024-12-31,Ranging,Down,0.40608206,0.22266084,0.37125704
2025-01-01,Down,Up,0.38829166,0.20827746,0.4034309
2025-01-02,Down,Down,0.40917653,0.21128991,0.37953353
2025-01-03,Down,Down,0.45674202,0.19333947,0.34991845
2025-01-06,Down,Down,0.41635457,0.22119874,0.36244667
2025-01-07,Down,Down,0.4560988,0.20366502,0.3402362
2025-01-08,Down,Down,0.431364,0.2118742,0.35676175
2025-01-09,Down,Down,0.45530793,0.21361803,0.33107403
2025-01-10,Down,Down,0.43523097,0.21082503,0.353944
2025-01-13,Ranging,Down,0.4193784,0.21212597,0.36849567
2025-01-14,Down,Down,0.43660894,0.1788225,0.38456854
2025-01-15,Down,Down,0.44044915,0.19064409,0.36890674
2025-01-16,Down,Up,0.390101,0.17199881,0.4379002
2025-01-17,Down,Up,0.3957758,0.17121059,0.43301362
2025-01-20,Ranging,Up,0.39235708,0.18465453,0.4229884
2025-01-21,Up,Down,0.42265058,0.1708234,0.406526
2025-01-22,Up,Up,0.38678712,0.17832549,0.43488744
2025-01-23,Up,Up,0.3969028,0.18227722,0.42081994
2025-01-24,Up,Up,0.38337022,0.16940372,0.44722608
2025-01-27,Up,Up,0.3816022,0.17741914,0.4409787
2025-01-28,Up,Up,0.36977306,0.17624982,0.45397705
2025-01-29,Up,Up,0.39142886,0.1726163,0.43595484
2025-01-30,Up,Up,0.38567,0.17992121,0.43440878
2025-01-31,Ranging,Up,0.38716373,0.18058774,0.43224856
2025-02-03,Up,Down,0.41544747,0.20163836,0.38291422
2025-02-04,Down,Down,0.4084255,0.19126162,0.4003129
2025-02-05,Down,Down,0.4227021,0.2125027,0.36479518
2025-02-06,Down,Down,0.426347,0.19873933,0.37491366
2025-02-07,Ranging,Down,0.4154436,0.18355909,0.4009973
2025-02-10,Down,Down,0.41361648,0.17565754,0.41072595
2025-02-11,Down,Up,0.38186812,0.18149105,0.43664086
2025-02-12,Up,Up,0.35716107,0.16873495,0.474104
2025-02-13,Ranging,Up,0.38121352,0.17580971,0.44297674
2025-02-14,Down,Up,0.40572515,0.17351589,0.4207589
2025-02-17,Down,Up,0.3914738,0.16599135,0.4425349
2025-02-18,Down,Up,0.3757741,0.17993963,0.44428632
2025-02-19,Down,Up,0.3890762,0.19539289,0.41553092
2025-02-20,Down,Up,0.3898869,0.20149742,0.40861565
2025-02-21,Down,Up,0.39435604,0.18436934,0.4212746
2025-02-24,Down,Down,0.4208975,0.2034877,0.3756148
2025-02-25,Down,Down,0.41103533,0.19942728,0.38953742
2025-02-26,Down,Down,0.4074151,0.20002854,0.39255634
2025-02-27,Ranging,Down,0.41038847,0.1831383,0.40647325
2025-02-28,Up,Up,0.37107465,0.19491023,0.4340151
2025-03-03,Up,Up,0.36445206,0.18377243,0.45177543
2025-03-04,Up,Up,0.35877758,0.19922473,0.4419977
2025-03-05,Up,Up,0.36127526,0.20726675,0.43145803
2025-03-06,Up,Up,0.37392467,0.18224637,0.443829
2025-03-07,Up,Up,0.36109018,0.1901609,0.44874892
2025-03-10,Up,Up,0.3860704,0.1946851,0.41924447
2025-03-11,Up,Up,0.37533262,0.1788777,0.44578964
2025-03-12,Up,Up,0.393342,0.18824531,0.41841274
2025-03-13,Up,Up,0.37635365,0.19946256,0.42418376
2025-03-14,Up,Up,0.35956714,0.18813573,0.45229712
2025-03-17,Up,Up,0.38627195,0.20201541,0.4117126
2025-03-18,Up,Down,0.40354618,0.21124463,0.38520914
2025-03-19,Up,Down,0.4129296,0.21224882,0.37482154
2025-03-20,Up,Down,0.44195127,0.22295965,0.33508912
2025-03-21,Ranging,Down,0.41855133,0.20146585,0.37998283
2025-03-24,Down,Down,0.4134166,0.21297203,0.37361133
2025-03-25,Down,Up,0.36307833,0.22540714,0.41151455
2025-03-26,Ranging,Up,0.37905362,0.21872778,0.40221867
2025-03-27,Ranging,Up,0.38319823,0.20457165,0.4122301
2025-03-28,Down,Up,0.36563292,0.21330154,0.42106548
2025-03-31,Down,Up,0.37212864,0.20531681,0.42255452
2025-04-01,Down,Up,0.37498504,0.23687553,0.38813943
2025-04-02,Down,Up,0.35084438,0.21481979,0.43433586
2025-04-03,Down,Up,0.37398222,0.20882486,0.41719297
2025-04-04,Down,Up,0.35775194,0.21104373,0.43120432
2025-04-07,Up,Up,0.34790403,0.18402156,0.46807438
2025-04-08,Up,Up,0.36487702,0.15986392,0.47525904
2025-04-09,Up,Up,0.3626062,0.18821217,0.44918162
2025-04-10,Up,Up,0.3878682,0.17458755,0.4375443
2025-04-11,Up,Up,0.39103466,0.17668559,0.4322798
2025-04-14,Up,Up,0.38130456,0.21274187,0.40595365
2025-04-15,Up,Down,0.4022898,0.19576666,0.40194356
2025-04-16,Up,Down,0.42203218,0.18720119,0.39076662
2025-04-17,Ranging,Down,0.42767277,0.1917884,0.38053888
2025-04-18,Ranging,Down,0.39504382,0.23281173,0.37214443
2025-04-21,Up,Down,0.39869288,0.20680107,0.39450604
2025-04-22,Up,Down,0.41022286,0.22114867,0.36862844
2025-04-23,Ranging,Down,0.4146426,0.2315375,0.35381988
2025-04-24,Up,Down,0.41944677,0.22385298,0.3567003
2025-04-25,Up,Down,0.3901979,0.22136211,0.38843998
2025-04-28,Ranging,Up,0.37983543,0.20143174,0.41873282
2025-04-29,Ranging,Up,0.3723501,0.22382936,0.40382054
2025-04-30,Ranging,Up,0.35776138,0.21938406,0.42285454
2025-05-01,Ranging,Up,0.37222442,0.22381103,0.40396455
2025-05-02,Down,Up,0.3627671,0.23227596,0.40495697
2025-05-05,Up,Down,0.3941,0.21593153,0.38996848
2025-05-06,Ranging,Up,0.36843178,0.24081603,0.39075223
2025-05-07,Down,Up,0.36893365,0.23860997,0.3924564
2025-05-08,Up,Up,0.38889194,0.20317434,0.40793377
2025-05-09,Up,Up,0.3713848,0.21319903,0.41541618
2025-05-12,Ranging,Up,0.35775343,0.21937574,0.42287078
2025-05-13,Ranging,Up,0.36308593,0.20734854,0.42956552
2025-05-14,Up,Up,0.35609773,0.2217547,0.42214754
2025-05-15,Ranging,Up,0.37531978,0.21572544,0.40895477
2025-05-16,Ranging,Up,0.37026185,0.20778994,0.42194825
2025-05-19,Up,Up,0.36701396,0.21512535,0.41786072
2025-05-20,Ranging,Up,0.36620462,0.1936816,0.4401138
2025-05-21,Ranging,Up,0.3703376,0.17733227,0.45233008
2025-05-22,Up,Up,0.39563495,0.18051255,0.4238525
2025-05-23,Ranging,Up,0.38364112,0.1803926,0.43596625
2025-05-26,Down,Up,0.37530285,0.20849082,0.41620633
2025-05-27,Ranging,Up,0.36943194,0.20352809,0.42703995
2025-05-28,Down,Up,0.39212856,0.20171887,0.40615264
2025-05-29,Ranging,Up,0.39329007,0.19202256,0.41468734
2025-05-30,Up,Up,0.39313334,0.20937304,0.3974936
2025-06-02,Down,Up,0.37608728,0.19590083,0.42801186
2025-06-03,Down,Up,0.36685017,0.19495082,0.43819907
2025-06-04,Ranging,Up,0.36277428,0.1924484,0.44477734
2025-06-05,Down,Up,0.36120144,0.19957697,0.4392216
2025-06-06,Down,Up,0.36167026,0.19630106,0.44202867
2025-06-09,Ranging,Up,0.3791863,0.19007137,0.43074235
2025-06-10,Ranging,Down,0.4337653,0.17130536,0.39492932
2025-06-11,Down,Down,0.4140371,0.19977093,0.38619196
2025-06-12,Down,Down,0.43851772,0.18840152,0.3730808
2025-06-13,Up,Down,0.42155495,0.2067943,0.3716508
2025-06-16,Ranging,Down,0.41316813,0.19155866,0.39527318
2025-06-17,Ranging,Down,0.42123464,0.18601422,0.3927512
2025-06-18,Up,Up,0.4054699,0.16821194,0.42631817
2025-06-19,Up,Up,0.38439268,0.16305143,0.4525559
2025-06-20,Up,Up,0.38967696,0.17382902,0.43649405
2025-06-23,Up,Down,0.41909036,0.20625342,0.37465623
2025-06-24,Ranging,Down,0.39998332,0.20589815,0.39411855
2025-06-25,Ranging,Up,0.4076157,0.16581203,0.42657223
2025-06-26,Down,Down,0.42746705,0.17954808,0.39298493
2025-06-27,Down,Down,0.42160806,0.19937524,0.3790167
2025-06-30,Down,Up,0.39472294,0.20986451,0.39541253
2025-07-01,Up,Down,0.41009325,0.20645116,0.38345566
2025-07-02,Ranging,Down,0.41622654,0.21729445,0.36647907
2025-07-03,Ranging,Up,0.3966672,0.20622708,0.39710566
2025-07-04,Down,Up,0.37819833,0.20573917,0.4160625
2025-07-07,Down,Up,0.38623098,0.19582726,0.41794178
2025-07-08,Down,Up,0.38953218,0.20087229,0.4095956
2025-07-09,Ranging,Up,0.39515987,0.1933215,0.41151863
2025-07-10,Ranging,Up,0.39571702,0.19184993,0.41243303
2025-07-11,Ranging,Up,0.38848776,0.19191541,0.41959685
2025-07-14,Up,Up,0.3874209,0.18071231,0.4318668
2025-07-15,Up,Up,0.38432452,0.19301933,0.4226562
2025-07-16,Up,Up,0.37646124,0.1974228,0.426116
2025-07-17,Up,Up,0.38202733,0.21338452,0.40458816
2025-07-18,Up,Up,0.37512574,0.18943936,0.43543494
2025-07-21,Up,Up,0.37367308,0.19157368,0.43475324
2025-07-22,Up,Up,0.3630139,0.1866627,0.45032343
2025-07-23,Ranging,Up,0.38564005,0.2025122,0.41184774
2025-07-24,Ranging,Up,0.37493142,0.2046142,0.4204544
2025-07-25,Ranging,Up,0.3739057,0.20952749,0.4165668
2025-07-28,Down,Up,0.38431257,0.19013001,0.4255575
2025-07-29,Down,Up,0.38122788,0.19323862,0.42553353
2025-07-30,Down,Up,0.36917636,0.20525873,0.4255649
2025-07-31,Down,Up,0.3907011,0.1776078,0.43169117
2025-08-01,Down,Up,0.39412367,0.1759793,0.42989698
2025-08-04,Down,Up,0.38322172,0.1722613,0.444517
2025-08-05,Down,Up,0.38413095,0.17693952,0.4389295
2025-08-06,Down,Up,0.39241055,0.1826096,0.42497984
2025-08-07,Ranging,Up,0.3827245,0.1945629,0.42271262
2025-08-08,Ranging,Up,0.3906669,0.2034273,0.40590587
2025-08-11,Up,Down,0.41279522,0.2073319,0.37987295
2025-08-12,Up,Up,0.4014924,0.19447187,0.40403575
2025-08-13,Up,Up,0.3766964,0.2231667,0.40013683
2025-08-14,Up,Up,0.3691522,0.21625265,0.4145952
2025-08-15,Up,Up,0.37343615,0.20218144,0.42438245
2025-08-18,Ranging,Down,0.42946374,0.21211408,0.3584222
2025-08-19,Down,Down,0.40962255,0.22035412,0.3700233
2025-08-20,Down,Down,0.42311248,0.21661596,0.3602716
2025-08-21,Down,Down,0.43523332,0.19800177,0.36676487
2025-08-22,Down,Down,0.42664757,0.2180266,0.3553258
2025-08-25,Down,Up,0.3633021,0.20796467,0.42873317
2025-08-26,Down,Up,0.39613646,0.20045392,0.4034096
2025-08-27,Down,Up,0.3894296,0.1868838,0.42368662
2025-08-28,Up,Up,0.3837734,0.20099674,0.41522995
2025-08-29,Ranging,Up,0.38454986,0.18563373,0.42981645
2025-09-01,Down,Up,0.3974752,0.19905736,0.4034674
2025-09-02,Up,Down,0.41736352,0.18720256,0.39543384
2025-09-03,Up,Down,0.4157731,0.18743353,0.39679343
2025-09-04,Ranging,Up,0.3871692,0.18496364,0.42786717
2025-09-05,Up,Up,0.3989704,0.17071962,0.43030992
2025-09-08,Up,Up,0.38964573,0.20032723,0.41002706
2025-09-09,Up,Down,0.40668815,0.19842672,0.39488512
2025-09-10,Up,Down,0.41196814,0.2025781,0.38545373
2025-09-11,Up,Down,0.4090267,0.21214785,0.37882546
2025-09-12,Down,Down,0.41870847,0.21100731,0.37028423
2025-09-15,Down,Down,0.4205188,0.22682647,0.35265478
2025-09-16,Down,Down,0.42927355,0.21565497,0.35507146
2025-09-17,Down,Down,0.42088887,0.20999274,0.36911842
2025-09-18,Down,Down,0.407945,0.21660912,0.37544587
2025-09-19,Down,Down,0.412676,0.21429776,0.37302628
2025-09-22,Down,Up,0.3904298,0.19692384,0.4126464
2025-09-23,Down,Up,0.39093566,0.19319613,0.4158682
2025-09-24,Down,Up,0.3848628,0.19116086,0.4239763
2025-09-25,Ranging,Up,0.38482845,0.19101864,0.42415288
2025-09-26,Up,Up,0.38036263,0.18504733,0.43459004
2025-09-29,Up,Up,0.38102666,0.18367496,0.43529838
2025-09-30,Up,Up,0.38356194,0.1888422,0.42759582
2025-10-01,Ranging,Up,0.36179286,0.21707135,0.42113578
2025-10-02,Ranging,Up,0.39191356,0.20035276,0.40773365
2025-10-03,Up,Down,0.4052415,0.19105703,0.40370148
2025-10-06,Up,Down,0.43495223,0.19933085,0.36571693
2025-10-07,Up,Down,0.43158117,0.19661625,0.37180263
2025-10-08,Up,Down,0.41958216,0.2170237,0.3633941
2025-10-09,Up,Down,0.40930414,0.21552062,0.37517524
2025-10-10,Up,Down,0.4328526,0.21459559,0.35255185
2025-10-13,Up,Down,0.42253718,0.21417181,0.36329103
2025-10-14,Ranging,Down,0.39570862,0.22482666,0.37946472
2025-10-15,Down,Down,0.4039479,0.21277286,0.3832793
2025-10-16,Down,Down,0.4300587,0.20943214,0.3605091
2025-10-17,Down,Down,0.4139251,0.20754948,0.37852544
2025-10-20,Down,Down,0.4088218,0.21573517,0.37544298
2025-10-21,Down,Down,0.38909358,0.22915958,0.38174683
2025-10-22,Down,Down,0.39411542,0.22376224,0.3821223
2025-10-23,Ranging,Down,0.3959317,0.22446351,0.37960485
2025-10-24,Down,Down,0.3890278,0.23177698,0.37919518
2025-10-27,Down,Down,0.38900024,0.2560701,0.35492972
2025-10-28,Down,Down,0.382908,0.2464823,0.37060973
2025-10-29,Down,Down,0.3877884,0.2387733,0.37343833
2025-10-30,Down,Up,0.38872463,0.21044537,0.40082997
2025-10-31,Ranging,Up,0.37517682,0.20907801,0.41574514
2025-11-03,Ranging,Up,0.37535,0.2230204,0.40162957
2025-11-04,Up,Up,0.37200546,0.21315573,0.41483885
2025-11-05,Up,Up,0.38412115,0.18600038,0.42987847
2025-11-06,Up,Up,0.3960792,0.19441621,0.40950453
2025-11-07,Up,Up,0.37844014,0.19555175,0.4260081
2025-11-10,Up,Up,0.38611892,0.19367185,0.42020923
2025-11-11,Up,Up,0.38797498,0.20461412,0.40741095
2025-11-12,Up,Up,0.38247585,0.21087058,0.40665355
2025-11-13,Ranging,Down,0.39980584,0.21187454,0.38831964
2025-11-14,Ranging,Down,0.4252064,0.25299522,0.32179838
2025-11-17,Down,Down,0.444361,0.2538245,0.3018145
2025-11-18,Down,Down,0.41517434,0.21672234,0.36810336
2025-11-19,Down,Down,0.41038302,0.21738623,0.3722307
2025-11-20,Up,Down,0.43139422,0.20181492,0.36679086
2025-11-21,Up,Down,0.431652,0.24768017,0.32066777
2025-11-24,Up,Down,0.4782538,0.20317802,0.3185681
2025-11-25,Up,Down,0.42585704,0.18871245,0.38543046
2025-11-26,Up,Up,0.4022338,0.18379563,0.4139706
2025-11-27,Ranging,Down,0.40769273,0.19316109,0.3991462
2025-11-28,Ranging,Down,0.40002146,0.20044293,0.39953563
2025-12-01,Ranging,Down,0.44408002,0.18709,0.3688299
2025-12-02,Ranging,Down,0.42949417,0.20238753,0.3681183
2025-12-03,Down,Down,0.412232,0.21254872,0.3752193
2025-12-04,Down,Down,0.40345398,0.21844986,0.37809616
2025-12-05,Down,Down,0.41009116,0.19862138,0.39128754
2025-12-08,Down,Down,0.40136385,0.19920218,0.399434
2025-12-09,Down,Down,0.4099583,0.18858777,0.40145388
2025-12-10,Down,Down,0.41415772,0.2087887,0.3770536
2025-12-11,Ranging,Up,0.38038853,0.21939623,0.40021524
2025-12-12,Down,Down,0.42063743,0.18184596,0.3975166
2025-12-15,Ranging,Down,0.41044304,0.1994428,0.39011413
2025-12-16,Ranging,Down,0.41766033,0.2120763,0.37026337
2025-12-17,Up,Down,0.4150848,0.1888495,0.39606577
2025-12-18,Ranging,Down,0.41712818,0.18347713,0.39939466
2025-12-19,Ranging,Down,0.42594117,0.19082747,0.38323134
2025-12-22,Down,Down,0.4218111,0.19262117,0.38556778
2025-12-23,Down,Down,0.4094957,0.21581551,0.37468883
2025-12-24,Down,Down,0.42851,0.22390848,0.34758154
2025-12-25,Down,Down,0.43911037,0.18325773,0.37763187
2025-12-26,Ranging,Down,0.4265429,0.20220038,0.37125665
2025-12-29,Up,Down,0.42037034,0.22109342,0.3585362
2025-12-30,Up,Down,0.4241821,0.2036166,0.37220132
2025-12-31,Up,Down,0.42435926,0.18550226,0.39013845
2026-01-01,Up,Down,0.4282591,0.19425464,0.37748626
2026-01-02,Up,Down,0.41550544,0.19782268,0.38667193
2026-01-05,Up,Down,0.4482305,0.18459402,0.36717543
2026-01-06,Up,Down,0.44742507,0.18537112,0.3672038
2026-01-07,Down,Down,0.44198373,0.18210861,0.37590772
2026-01-08,Down,Down,0.43211412,0.18901691,0.37886897
2026-01-09,Ranging,Down,0.4238964,0.18848395,0.3876196
2026-01-12,Down,Down,0.4140218,0.18279378,0.40318447
2026-01-13,Down,Down,0.42780685,0.19171277,0.38048038
2026-01-14,Down,Down,0.43347114,0.19285297,0.37367594
2026-01-15,Down,Down,0.43438905,0.21558145,0.35002944
2026-01-16,Down,Down,0.41493976,0.21226142,0.37279883
2026-01-19,Down,Down,0.44177726,0.19315775,0.36506495
2026-01-20,Down,Down,0.42408237,0.19671157,0.37920606
2026-01-21,Up,Up,0.40511915,0.1783263,0.4165546
2026-01-22,Up,Up,0.40546757,0.18177898,0.4127534
2026-01-23,Up,Up,0.40556058,0.1847467,0.40969273
2026-01-26,Up,Down,0.4123497,0.17729531,0.410355
2026-01-27,Up,Up,0.40183952,0.18009706,0.41806337
2026-01-28,Up,Up,0.40757468,0.1836261,0.40879926
2026-01-29,Up,Down,0.44502348,0.16914064,0.3858359
2026-01-30,Up,Down,0.44112414,0.17235498,0.38652086
2026-02-02,Up,Down,0.4527069,0.1632749,0.38401824
2026-02-03,Up,Down,0.4255879,0.17540754,0.3990046
2026-02-04,Ranging,Down,0.45686412,0.17458911,0.3685468
2026-02-05,Up,Down,0.43541032,0.19147752,0.37311217
2026-02-06,Up,Down,0.4103422,0.19306724,0.39659056
2026-02-09,Up,Down,0.4372337,0.19820797,0.36455834
2026-02-10,Ranging,Down,0.4413087,0.2047042,0.35398707
2026-02-11,Ranging,Down,0.42962357,0.19282629,0.37755018
2026-02-12,Down,Down,0.43217686,0.19263165,0.3751915
2026-02-13,Down,Down,0.42159456,0.18715654,0.3912489
2026-02-16,Down,Up,0.3871068,0.18118356,0.43170965
2026-02-17,Down,Up,0.38502422,0.19404449,0.4209313
2026-02-18,Down,Up,0.36617187,0.2108157,0.42301244
2026-02-19,Up,Up,0.38470328,0.19293892,0.4223578
2026-02-20,Down,Up,0.39283088,0.1965671,0.41060203
2026-02-23,Down,Down,0.4090604,0.18902835,0.4019112
2026-02-24,Down,Up,0.38496226,0.1991395,0.4158982
2026-02-25,Down,Up,0.3786949,0.20833266,0.41297242
2026-02-26,Down,Up,0.38627288,0.19958319,0.41414398
2026-02-27,Down,Down,0.42171258,0.19873191,0.37955552
2026-03-02,Down,Up,0.3761313,0.21907687,0.40479183
2026-03-03,Down,Up,0.36964974,0.16448028,0.46587
2026-03-04,Down,Up,0.36409706,0.16875678,0.46714616
2026-03-05,Down,Up,0.3661244,0.16205494,0.47182065
2026-03-06,Down,Up,0.3917709,0.16961461,0.43861443
2026-03-09,Ranging,Up,0.38671646,0.17207444,0.44120914
2026-03-10,Down,Up,0.3621015,0.1628953,0.47500315
2026-03-11,Ranging,Up,0.36922386,0.18697919,0.443797
2026-03-12,Down,Up,0.36973003,0.17511249,0.45515755
2026-03-13,Down,Up,0.37196726,0.14930446,0.47872826
2026-03-16,Down,Up,0.37342095,0.15486474,0.47171426
2026-03-17,Down,Up,0.35011265,0.17261119,0.47727612
2026-03-18,Down,Up,0.35616124,0.17057212,0.4732666
2026-03-19,Up,Up,0.37603515,0.17406406,0.44990075
2026-03-20,Down,Up,0.348497,0.16070186,0.49080113
2026-03-23,Down,Up,0.38869616,0.16499248,0.44631132
2026-03-24,Down,Up,0.38050473,0.14585224,0.473643
2026-03-25,Down,Up,0.3743954,0.190513,0.4350916
2026-03-26,Down,Up,0.39690983,0.19747595,0.4056142
2026-03-27,Down,Down,0.4226881,0.19036259,0.38694936
2026-03-30,Up,Up,0.3889474,0.1910738,0.41997877
2026-03-31,Up,Up,0.35622284,0.19175434,0.4520228
2026-04-01,Up,Up,0.36616707,0.18740955,0.44642338
2026-04-02,Up,Up,0.3939117,0.19585691,0.41023138
2026-04-03,Up,Down,0.4038932,0.2003878,0.39571893
2026-04-06,Up,Up,0.38314384,0.22249687,0.39435932
2026-04-07,Up,Down,0.45860147,0.20802872,0.33336976
2026-04-08,Up,Down,0.46881562,0.20466278,0.32652158
2026-04-09,Up,Down,0.4535402,0.19456773,0.35189205
2026-04-10,Up,Down,0.47620666,0.18290487,0.34088847
2026-04-13,Ranging,Down,0.43627065,0.21799527,0.34573406
2026-04-14,Up,Down,0.45376536,0.20682217,0.3394124
2026-04-15,Up,Down,0.43199283,0.20869212,0.35931507
2026-04-16,Ranging,Down,0.446872,0.18199198,0.37113607
2026-04-17,Down,Down,0.4029965,0.20391136,0.39309216
2026-04-20,Down,Up,0.3892583,0.19384141,0.4169003
2026-04-21,Down,Up,0.39432964,0.192628,0.41304237
2026-04-22,Down,Down,0.4047941,0.1904404,0.40476546
2026-04-23,Down,Down,0.40980175,0.18705344,0.40314478
2026-04-24,Down,Up,0.38322082,0.19771121,0.41906795
2026-04-27,Down,Up,0.37864146,0.2172334,0.40412518
2026-04-28,Down,Up,0.3942558,0.20370217,0.402042
2026-04-29,Ranging,Up,0.3948954,0.20982575,0.3952788
2026-04-30,Up,Up,0.37113303,0.21983448,0.4090325
2026-05-01,Ranging,Up,0.35640568,0.22337303,0.42022133
2026-05-04,Ranging,Up,0.3629823,0.20749304,0.4295246
