Date,FII_Buy,FII_Sell,FII_Net,DII_Buy,DII_Sell,DII_Net,Nifty_Close,Nifty_Change,Nifty_%Chg
2018-01-01,769.77,443.86,325.91,2499.42,3799.73,-1300.31,,,
2018-01-02,7658.46,6558.68,1099.78,5001.78,5360.28,-358.5,,,
2018-01-03,5514.41,5272.56,241.85,3323.03,3326.32,-3.29,,,
2018-01-06,4460.24,4663.04,-202.8,3434.78,3096.81,337.97,,,
2018-01-08,4514.0,4609.94,-95.94,3603.37,4165.7,-562.33,,,
2018-01-10,5687.74,7529.37,-1841.63,4948.82,3143.88,1804.94,,,
2018-01-15,5146.96,5114.04,32.92,3864.42,4037.7,-173.28,,,
2018-01-16,8203.03,7509.86,693.17,4002.63,4249.01,-246.38,,,
2018-01-17,7883.29,7258.16,625.13,4688.22,4519.61,168.61,,,
2018-01-18,9014.99,7120.0,1894.99,4396.02,5053.48,-657.46,,,
2018-01-19,6104.97,5116.72,988.25,3716.09,3506.23,209.86,,,
2018-01-22,7002.31,5434.8,1567.51,3583.17,4045.04,-461.87,,,
2018-01-23,8312.42,7083.07,1229.35,6324.24,6155.21,169.03,,,
2018-01-24,7723.45,6947.03,776.42,5435.95,5629.82,-193.87,,,
2018-01-25,9091.88,8154.57,937.31,6756.82,7722.49,-965.67,,,
2018-01-29,8487.54,8195.68,291.86,4620.09,4530.01,90.08,,,
2018-01-30,6182.63,6288.19,-105.56,4636.1,4917.75,-281.65,,,
2018-01-31,7030.47,7167.1,-136.63,5822.73,4528.07,1294.66,,,
2018-02-01,3162.36,2639.62,522.74,3230.34,3165.64,64.7,,,
2018-02-02,7957.38,7007.38,950.0,4945.3,5454.08,-508.78,,,
2018-02-04,4031.89,4721.64,-689.75,2960.72,2547.56,413.16,,,
2018-02-05,6921.85,7447.78,-525.93,3152.94,2987.1,165.84,,,
2018-02-08,4264.91,4904.78,-639.87,2617.19,2957.49,-340.3,,,
2018-02-11,9069.85,9266.75,-196.9,5168.37,4315.38,852.99,,,
2018-02-14,6413.02,7141.73,-728.71,3545.62,3698.01,-152.39,,,
2018-02-15,4272.0,4512.29,-240.29,3024.47,2974.55,49.92,,,
2018-02-16,3104.56,4170.55,-1065.99,3926.11,2798.33,1127.78,,,
2018-02-19,3368.46,4264.25,-895.79,3120.87,2534.35,586.52,,,
2018-02-20,3052.98,3903.33,-850.35,4124.06,2686.82,1437.24,,,
2018-02-21,5860.21,7074.39,-1214.18,4218.31,2842.83,1375.48,,,
2018-02-22,7595.33,9930.67,-2335.34,6510.35,5450.93,1059.42,,,
2018-02-23,5344.49,5830.81,-486.32,4240.79,2726.76,1514.03,,,
2018-02-26,4274.02,5393.53,-1119.51,3899.26,2489.81,1409.45,,,
2018-02-27,4383.74,5290.6,-906.86,3609.18,2562.51,1046.67,,,
2018-02-28,8739.25,10489.77,-1750.52,4791.02,3194.13,1596.89,,,
2018-03-01,4529.24,4432.93,96.31,3081.06,3350.26,-269.2,,,
2018-03-04,5463.44,5839.95,-376.51,3329.77,2850.59,479.18,,,
2018-03-05,5677.52,5825.94,-148.42,2568.47,3147.39,-578.92,,,
2018-03-07,2959.67,4002.98,-1043.31,2457.2,2178.36,278.84,,,
2018-03-08,4737.3,4743.17,-5.87,3291.99,3204.91,87.08,,,
2018-03-09,4251.55,4272.68,-21.13,3716.84,4258.96,-542.12,,,
2018-03-10,7488.54,9038.58,-1550.04,4785.31,3382.84,1402.47,,,
2018-03-12,5273.53,4980.41,293.12,3487.98,4294.43,-806.45,,,
2018-03-13,11366.34,4337.92,7028.42,5281.93,3668.54,1613.39,,,
2018-03-14,4093.56,4352.54,-258.98,2673.68,3105.71,-432.03,,,
2018-03-15,4247.51,4952.91,-705.4,3113.11,2856.66,256.45,,,
2018-03-16,14024.67,14175.13,-150.46,4485.7,5256.23,-770.53,,,
2018-03-19,4288.03,3995.8,292.23,3966.58,4158.1,-191.52,,,
2018-03-20,4976.33,4632.17,344.16,3573.71,2842.54,731.17,,,
2018-03-21,5514.9,5416.46,98.44,3692.23,3494.45,197.78,,,
2018-03-22,5224.75,5063.64,161.11,3692.36,3282.47,409.89,,,
2018-03-23,7245.51,5617.32,1628.19,4202.8,5138.21,-935.41,,,
2018-03-26,4134.47,4875.66,-741.19,6444.07,4426.12,2017.95,,,
2018-03-27,6108.8,5045.68,1063.12,5501.54,3328.63,2172.91,,,
2018-03-28,10134.19,11324.74,-1190.55,9501.71,7541.04,1960.67,,,
2018-04-01,4624.1,4412.05,212.05,3816.57,3491.33,325.24,,,
2018-04-05,3398.5,5026.73,-1628.23,3258.17,2174.08,1084.09,,,
2018-04-06,8939.86,6585.83,2354.03,3071.28,3783.69,-712.41,,,
2018-04-07,3903.2,4187.78,-284.58,3036.89,2425.88,611.01,,,
2018-04-09,4342.64,4310.0,32.64,4889.4,4910.81,-21.41,,,
2018-04-10,5387.49,8148.12,-2760.63,6132.11,4308.52,1823.59,,,
2018-04-12,5228.96,5284.85,-55.89,2215.19,2736.57,-521.38,,,
2018-04-13,4338.0,4737.59,-399.59,3564.73,3258.68,306.05,,,
2018-04-16,3923.95,4232.08,-308.13,2998.66,3027.63,-28.97,,,
2018-04-17,4559.84,5511.23,-951.39,3232.34,2508.53,723.81,,,
2018-04-18,4064.6,4980.31,-915.71,3379.06,2509.36,869.7,,,
2018-04-19,4838.37,5463.36,-624.99,3371.41,2922.8,448.61,,,
2018-04-20,5297.51,5318.53,-21.02,4063.05,3952.04,111.01,,,
2018-04-23,4093.36,4352.44,-259.08,3299.3,2912.04,387.26,,,
2018-04-24,4356.2,5037.19,-680.99,3383.4,2874.85,508.55,,,
2018-04-25,4675.32,4980.11,-304.79,3445.94,3009.96,435.98,,,
2018-04-26,7339.31,8395.65,-1056.34,5736.47,5052.36,684.11,,,
2018-04-27,4721.89,5481.1,-759.21,3757.34,3123.63,633.71,,,
2018-04-30,3792.24,4177.71,-385.47,2180.04,1918.06,261.98,,,
2018-05-01,5811.9,5230.47,581.43,3984.73,3741.6,243.13,,,
2018-05-02,5805.68,7069.25,-1263.57,4889.79,3726.15,1163.64,,,
2018-05-03,6115.0,6481.6,-366.6,3159.68,3313.88,-154.2,,,
2018-05-04,4460.59,4568.61,-108.02,4560.79,3945.51,615.28,,,
2018-05-06,4739.58,4897.09,-157.51,3221.39,2747.06,474.33,,,
2018-05-07,3870.59,4029.96,-159.37,3386.96,3683.93,-296.97,,,
2018-05-09,5548.58,5932.25,-383.67,5098.55,4921.6,176.95,,,
2018-05-10,4867.87,8238.01,-3370.14,6434.73,4532.66,1902.07,,,
2018-05-11,4458.1,4445.76,12.34,2188.0,2809.94,-621.94,,,
2018-05-12,5062.16,5419.98,-357.82,2303.99,3095.58,-791.59,,,
2018-05-14,4734.72,4016.73,717.99,3667.73,2980.5,687.23,,,
2018-05-15,5308.14,5826.61,-518.47,5263.69,4732.36,531.33,,,
2018-05-16,4914.44,5613.66,-699.22,3395.74,3166.68,229.06,,,
2018-05-17,4825.32,5656.26,-830.94,3847.31,3418.39,428.92,,,
2018-05-18,5602.98,5769.13,-166.15,3992.82,3843.24,149.58,,,
2018-05-21,4721.22,5217.25,-496.03,4411.58,3221.02,1190.56,,,
2018-05-22,3072.35,4723.98,-1651.63,4351.03,2854.2,1496.83,,,
2018-05-23,4503.36,4814.47,-311.11,4248.94,3459.16,789.78,,,
2018-05-24,4376.04,5077.97,-701.93,4265.29,2784.78,1480.51,,,
2018-05-25,4614.27,5382.56,-768.29,3512.46,2624.7,887.76,,,
2018-05-28,3678.86,4473.92,-795.06,3958.98,2941.33,1017.65,,,
2018-05-29,3672.67,4080.0,-407.33,3559.45,2981.07,578.38,,,
2018-05-30,5273.96,6560.87,-1286.91,3518.65,3026.19,492.46,,,
2018-05-31,23055.8,23071.11,-15.31,7178.57,7444.59,-266.02,,,
2018-06-02,5873.56,8199.66,-2326.1,5594.31,3894.57,1699.74,,,
2018-06-03,5931.75,5311.67,620.08,3006.68,3741.01,-734.33,,,
2018-06-04,3926.61,4451.46,-524.85,3773.95,2468.5,1305.45,,,
2018-06-06,4024.34,4105.74,-81.4,3650.73,2938.42,712.31,,,
2018-06-07,4074.74,5042.92,-968.18,4003.43,2522.61,1480.82,,,
2018-06-08,4120.33,3871.63,248.7,3312.86,3094.22,218.64,,,
2018-06-09,5663.96,6118.96,-455.0,3428.89,2816.91,611.98,,,
2018-06-11,3753.54,4253.25,-499.71,2749.81,2631.12,118.69,,,
2018-06-12,5529.92,5457.45,72.47,2893.21,3282.99,-389.78,,,
2018-06-13,4765.75,4836.52,-70.77,4093.19,3606.41,486.78,,,
2018-06-14,4320.09,5692.93,-1372.84,3132.59,2556.4,576.19,,,
2018-06-15,9785.23,11309.97,-1524.74,4396.02,3835.01,561.01,,,
2018-06-18,3216.91,3971.34,-754.43,2970.15,2146.05,824.1,,,
2018-06-19,4416.11,5741.03,-1324.92,3327.68,2674.0,653.68,,,
2018-06-20,3898.97,6341.58,-2442.61,3487.82,2014.17,1473.65,,,
2018-06-21,6385.35,5258.6,1126.75,3398.8,2735.23,663.57,,,
2018-06-22,5105.25,6448.69,-1343.44,3955.86,2850.1,1105.76,,,
2018-06-25,4150.72,3952.04,198.68,2867.35,2953.57,-86.22,,,
2018-06-26,4820.6,5359.0,-538.4,3487.96,3249.91,238.05,,,
2018-06-27,5646.56,5579.12,67.44,3572.3,3487.99,84.31,,,
2018-06-28,7373.58,8325.09,-951.51,6089.15,5646.51,442.64,,,
2018-06-29,6538.99,6696.14,-157.15,4718.78,2455.95,2262.83,,,
2018-07-02,5874.54,6897.04,-1022.5,4011.31,3550.12,461.19,,,
2018-07-03,4879.62,5599.4,-719.78,3950.27,3540.93,409.34,,,
2018-07-05,3841.79,4477.03,-635.24,3352.64,2315.41,1037.23,,,
2018-07-06,3619.64,4145.04,-525.4,4110.87,2912.98,1197.89,,,
2018-07-08,3668.23,3353.4,314.83,2720.97,3040.87,-319.9,,,
2018-07-09,4816.7,4779.14,37.56,4623.47,3681.02,942.45,,,
2018-07-11,66.4,35.38,31.02,30.96,3.85,27.11,,,
2018-07-12,3651.38,4468.78,-817.4,3045.72,2803.16,242.56,,,
2018-07-13,4662.05,5766.7,-1104.65,4010.9,3138.9,872.0,,,
2018-07-16,3821.19,4446.87,-625.68,3167.36,3237.66,-70.3,,,
2018-07-17,4113.54,4787.53,-673.99,3410.59,2570.53,840.06,,,
2018-07-18,4642.55,4546.87,95.68,3194.59,3083.58,111.01,,,
2018-07-19,3480.53,3796.22,-315.69,2950.25,2480.23,470.02,,,
2018-07-20,4654.79,4344.52,310.27,2853.6,2904.33,-50.73,,,
2018-07-23,4410.52,4151.15,259.37,3559.53,3434.71,124.82,,,
2018-07-24,5098.19,4993.85,104.34,4434.15,3920.37,513.78,,,
2018-07-25,4087.48,5283.23,-1195.75,3366.56,3268.92,97.64,,,
2018-07-26,9455.99,7002.42,2453.57,4570.61,7286.65,-2716.04,,,
2018-07-27,4872.96,4134.91,738.05,3903.39,3497.27,406.12,,,
2018-07-30,4812.83,5046.87,-234.04,4320.87,4272.29,48.58,,,
2018-07-31,5748.95,5176.74,572.21,4209.82,4500.69,-290.87,,,
2018-08-01,5636.67,4943.84,692.83,3709.76,3916.06,-206.3,,,
2018-08-02,4395.66,6692.75,-2297.09,5670.62,3297.03,2373.59,,,
2018-08-03,5253.66,5618.46,-364.8,3950.62,3275.36,675.26,,,
2018-08-05,6013.34,6110.49,-97.15,4112.37,3189.12,923.25,,,
2018-08-06,4875.04,5097.54,-222.5,3464.66,3005.22,459.44,,,
2018-08-08,3973.77,3405.14,568.63,3013.15,2982.9,30.25,,,
2018-08-10,5414.14,7219.21,-1805.07,5153.58,3179.61,1973.97,,,
2018-08-13,3417.54,4389.4,-971.86,3472.28,3255.99,216.29,,,
2018-08-14,3867.36,4246.2,-378.84,3497.1,3105.63,391.47,,,
2018-08-16,6331.51,7156.59,-825.08,3957.73,3823.95,133.78,,,
2018-08-17,4769.07,4621.76,147.31,3014.84,2862.95,151.89,,,
2018-08-20,4067.29,4550.33,-483.04,3598.42,3005.2,593.22,,,
2018-08-21,5205.31,4951.06,254.25,3742.89,3545.02,197.87,,,
2018-08-23,6368.32,5935.11,433.21,4224.04,4082.04,142.0,,,
2018-08-24,4570.75,4646.53,-75.78,3565.61,2660.86,904.75,,,
2018-08-27,4097.72,3845.2,252.52,3953.87,2836.63,1117.24,,,
2018-08-28,4082.28,4243.33,-161.05,2962.38,3161.66,-199.28,,,
2018-08-29,3589.15,5005.02,-1415.87,4315.96,3201.6,1114.36,,,
2018-08-30,6910.26,5952.25,958.01,4704.33,6303.0,-1598.67,,,
2018-08-31,9332.0,9544.81,-212.81,4851.85,4679.93,171.92,,,
2018-09-01,4872.45,5176.39,-303.94,4017.72,3494.82,522.9,,,
2018-09-02,3563.44,4915.14,-1351.7,3151.85,2563.43,588.42,,,
2018-09-03,4514.2,3963.84,550.36,2865.87,2930.87,-65.0,,,
2018-09-04,4447.12,5748.05,-1300.93,3523.36,3164.01,359.35,,,
2018-09-05,4044.41,4748.44,-704.03,3544.17,2879.25,664.92,,,
2018-09-07,4490.76,5060.67,-569.91,2847.67,2107.28,740.39,,,
2018-09-08,3874.77,3504.09,370.68,3938.97,4024.36,-85.39,,,
2018-09-10,4610.61,5853.07,-1242.46,3956.84,2430.84,1526.0,,,
2018-09-11,6394.98,5780.84,614.14,3039.8,3377.08,-337.28,,,
2018-09-14,7369.36,6278.8,1090.56,3084.35,2969.21,115.14,,,
2018-09-17,4005.96,4112.5,-106.54,2441.9,2622.26,-180.36,,,
2018-09-18,4704.44,5848.17,-1143.73,3191.29,2926.63,264.66,,,
2018-09-19,4265.45,6450.0,-2184.55,3962.55,2761.25,1201.3,,,
2018-09-21,15442.5,14681.8,760.7,6336.08,5839.05,497.03,,,
2018-09-24,7589.48,8113.42,-523.94,5471.0,3943.33,1527.67,,,
2018-09-25,6043.84,7275.54,-1231.7,6271.86,3987.6,2284.26,,,
2018-09-26,5867.51,6677.46,-809.95,4982.95,3427.51,1555.44,,,
2018-09-27,8870.72,8318.28,552.44,6559.62,6746.31,-186.69,,,
2018-09-28,7354.62,9054.56,-1699.94,8022.84,4766.5,3256.34,,,
2018-10-01,3796.92,4369.18,-572.26,3943.39,3343.15,600.24,,,
2018-10-04,4186.05,4871.04,-684.99,3633.18,2979.53,653.65,,,
2018-10-05,4751.89,5116.77,-364.88,3455.13,2554.44,900.69,,,
2018-10-07,5302.76,5323.49,-20.73,3496.61,3202.65,293.96,,,
2018-10-08,5411.76,5922.42,-510.66,3424.59,2966.76,457.83,,,
2018-10-09,5433.65,6275.33,-841.68,3521.5,3811.16,-289.66,,,
2018-10-10,5976.88,7072.93,-1096.05,5347.23,3454.29,1892.94,,,
2018-10-12,4041.44,3925.22,116.22,3585.42,3731.22,-145.8,,,
2018-10-15,3913.95,3846.09,67.86,2477.8,2183.02,294.78,,,
2018-10-16,3941.17,5106.8,-1165.63,3781.17,2721.73,1059.44,,,
2018-10-17,4680.64,4540.62,140.02,3547.7,3890.81,-343.11,,,
2018-10-19,6916.01,7534.27,-618.26,4225.6,4227.74,-2.14,,,
2018-10-22,4827.11,5339.02,-511.91,3775.75,3472.54,303.21,,,
2018-10-23,4996.8,5337.15,-340.35,4907.48,4791.07,116.41,,,
2018-10-24,4544.54,6591.08,-2046.54,5330.32,3456.81,1873.51,,,
2018-10-25,6666.82,8162.53,-1495.71,7810.65,7471.05,339.6,,,
2018-10-26,4230.71,5587.37,-1356.66,4220.65,2344.76,1875.89,,,
2018-10-29,4411.77,6642.56,-2230.79,5452.14,2925.24,2526.9,,,
2018-10-30,3974.81,5566.83,-1592.02,3794.23,2431.19,1363.04,,,
2018-10-31,8828.39,9022.04,-193.65,5177.01,4052.09,1124.92,,,
2018-11-01,4977.52,5601.15,-623.63,3635.6,2865.58,770.02,,,
2018-11-04,4832.1,4469.8,362.3,3249.4,3137.58,111.82,,,
2018-11-05,3911.49,4236.93,-325.44,4486.98,3323.63,1163.35,,,
2018-11-06,4017.16,5173.93,-1156.77,4192.89,3130.07,1062.82,,,
2018-11-07,4962.89,4326.62,636.27,3728.65,3713.32,15.33,,,
2018-11-09,8015.47,9469.83,-1454.36,4006.24,3256.62,749.62,,,
2018-11-10,4936.43,7805.84,-2869.41,5168.47,3280.29,1888.18,,,
2018-11-12,3763.76,6184.82,-2421.06,5183.28,2927.6,2255.68,,,
2018-11-13,3408.13,3903.08,-494.95,2681.5,2345.72,335.78,,,
2018-11-14,5516.81,5239.43,277.38,4795.18,5067.42,-272.24,,,
2018-11-15,6077.91,4034.85,2043.06,3284.61,3449.92,-165.31,,,
2018-11-16,5637.94,4793.12,844.82,3866.07,4238.31,-372.24,,,
2018-11-19,4750.06,3646.7,1103.36,2894.59,3204.85,-310.26,,,
2018-11-20,3278.92,4032.09,-753.17,2790.96,2835.02,-44.06,,,
2018-11-21,3237.55,4889.59,-1652.04,3682.97,3076.24,606.73,,,
2018-11-22,3402.36,2956.12,446.24,2294.96,2245.28,49.68,,,
2018-11-26,4756.12,4693.38,62.74,4276.96,3925.18,351.78,,,
2018-11-27,5654.3,4842.78,811.52,3370.14,3338.93,31.21,,,
2018-11-28,6286.63,5325.37,961.26,3692.76,4023.05,-330.29,,,
2018-11-29,8878.36,8054.89,823.47,7649.48,6676.17,973.31,,,
2018-11-30,12172.1,12504.72,-332.62,5015.36,3525.71,1489.65,,,
2018-12-01,5857.14,6015.3,-158.16,3264.47,2568.22,696.25,,,
2018-12-02,4344.74,5158.85,-814.11,3941.56,2598.86,1342.7,,,
2018-12-03,5309.09,4934.44,374.65,2917.61,3382.2,-464.59,,,
2018-12-04,4713.7,4344.8,368.9,3262.6,3878.41,-615.81,,,
2018-12-06,4243.13,5412.01,-1168.88,4286.05,2958.6,1327.45,,,
2018-12-07,4057.47,4800.1,-742.63,3822.12,3455.72,366.4,,,
2018-12-09,4219.56,5305.95,-1086.39,3379.78,2838.34,541.44,,,
2018-12-10,4735.26,6057.39,-1322.13,4564.8,3277.51,1287.29,,,
2018-12-11,4499.38,3667.23,832.15,2054.48,3128.32,-1073.84,,,
2018-12-12,4177.05,5476.48,-1299.43,4215.09,3093.8,1121.29,,,
2018-12-13,4932.99,4257.85,675.14,3131.57,3183.43,-51.86,,,
2018-12-14,3722.25,2860.31,861.94,2778.14,3080.66,-302.52,,,
2018-12-17,3220.76,3281.71,-60.95,2421.03,2497.87,-76.84,,,
2018-12-18,4353.14,4208.38,144.76,2618.05,2800.65,-182.6,,,
2018-12-19,5900.74,4691.53,1209.21,3730.98,4212.44,-481.46,,,
2018-12-20,3955.48,4341.92,-386.44,2905.17,2817.21,87.96,,,
2018-12-21,6527.14,6393.0,134.14,3984.76,4473.31,-488.55,,,
2018-12-24,1732.56,2309.66,-577.1,2076.76,1890.62,186.14,,,
2018-12-26,1789.74,1709.46,80.28,2872.45,3010.08,-137.63,,,
2018-12-27,5535.79,3803.88,1731.91,5731.12,6394.12,-663.0,,,
2018-12-28,2531.77,2651.37,-119.6,3190.57,1991.17,1199.4,,,
2018-12-31,1614.9,1941.77,-326.87,2300.55,1978.57,321.98,,,
2019-01-01,1665.45,1713.64,-48.19,1591.3,1448.72,142.58,,,
2019-01-02,7118.42,5802.53,1315.89,4024.98,4030.05,-5.07,,,
2019-01-03,9442.25,9243.87,198.38,3650.67,3533.62,117.05,,,
2019-01-04,5775.37,4876.58,898.79,3653.65,4686.46,-1032.81,,,
2019-01-07,3247.54,2821.01,426.53,2328.04,2379.03,-50.99,,,
2019-01-08,5161.29,6217.84,-1056.55,4591.19,4029.91,561.28,,,
2019-01-10,5462.42,6760.98,-1298.56,5177.01,3673.99,1503.02,,,
2019-01-11,6069.3,5535.93,533.37,3979.06,4115.56,-136.5,,,
2019-01-14,3222.69,3955.15,-732.46,3297.15,2769.66,527.49,,,
2019-01-15,4248.73,4089.13,159.6,3712.9,3295.46,417.44,,,
2019-01-16,3864.31,3954.41,-90.1,3034.98,2730.71,304.27,,,
2019-01-17,4295.51,3453.38,842.13,2510.11,3237.57,-727.46,,,
2019-01-18,3458.07,3582.98,-124.91,3281.77,3282.74,-0.97,,,
2019-01-21,3646.69,3946.48,-299.79,3316.66,2795.86,520.8,,,
2019-01-22,5308.21,5386.74,-78.53,3342.42,3426.57,-84.15,,,
2019-01-23,3787.89,4563.71,-775.82,3222.18,2638.41,583.77,,,
2019-01-24,4121.29,4215.74,-94.45,2812.58,2422.62,389.96,,,
2019-01-25,5042.36,4353.08,689.28,3118.67,3266.02,-147.35,,,
2019-01-28,6678.52,6455.08,223.44,3717.26,3624.94,92.32,,,
2019-01-29,5958.38,6312.74,-354.36,3740.77,3659.5,81.27,,,
2019-01-30,6581.86,6451.61,130.25,4715.38,4213.12,502.26,,,
2019-01-31,10962.01,7955.6,3006.41,5751.35,7385.67,-1634.32,,,
2019-02-01,2573.57,3194.63,-621.06,3075.06,3301.24,-226.18,,,
2019-02-04,5509.67,4966.31,543.36,3319.76,3757.46,-437.7,,,
2019-02-05,5759.4,5161.86,597.54,2784.07,3575.76,-791.69,,,
2019-02-07,4093.74,4605.74,-512.0,1871.9,1730.81,141.09,,,
2019-02-08,4792.82,7680.88,-2888.06,5646.16,2833.5,2812.66,,,
2019-02-12,6559.42,8290.75,-1731.33,4038.27,3284.28,753.99,,,
2019-02-13,4536.03,5212.66,-676.63,3092.68,2379.58,713.1,,,
2019-02-14,5405.02,5655.25,-250.23,3416.14,2190.9,1225.24,,,
2019-02-15,4947.3,5913.73,-966.43,4220.15,3366.9,853.25,,,
2019-02-18,6304.0,7543.79,-1239.79,4278.77,1942.03,2336.74,,,
2019-02-19,3435.8,4249.56,-813.76,2901.97,1738.12,1163.85,,,
2019-02-20,4701.54,3988.07,713.47,2561.58,2448.31,113.27,,,
2019-02-21,4872.17,4816.69,55.48,2465.24,2263.14,202.1,,,
2019-02-22,10437.99,4126.98,6311.01,3717.9,2879.02,838.88,,,
2019-02-25,7076.26,4941.91,2134.35,3363.37,5109.77,-1746.4,,,
2019-02-26,6529.61,4855.44,1674.17,3525.23,4245.5,-720.27,,,
2019-02-27,5053.89,4630.85,423.04,3795.57,3728.76,66.81,,,
2019-02-28,12892.93,9682.33,3210.6,5374.99,10615.61,-5240.62,,,
2019-03-01,3941.51,4914.32,-972.81,2835.58,2801.06,34.52,,,
2019-03-04,5387.33,6427.81,-1040.48,3538.02,3618.85,-80.83,,,
2019-03-05,4034.84,4435.52,-400.68,3476.54,3419.47,57.07,,,
2019-03-06,7752.61,4683.73,3068.88,2587.64,3050.33,-462.69,,,
2019-03-07,3330.86,3721.04,-390.18,2777.45,2489.88,287.57,,,
2019-03-09,3515.3,5531.5,-2016.2,3472.6,2221.25,1251.35,,,
2019-03-10,4762.86,5573.58,-810.72,3600.32,2737.78,862.54,,,
2019-03-12,4838.7,5969.82,-1131.12,3788.71,2824.74,963.97,,,
2019-03-13,8602.7,5880.42,2722.28,3332.87,4841.01,-1508.14,,,
2019-03-14,5645.98,4162.99,1482.99,2805.84,3623.61,-817.77,,,
2019-03-15,16119.53,11796.04,4323.49,4013.27,6143.63,-2130.36,,,
2019-03-18,5570.03,3747.04,1822.99,2988.52,4257.43,-1268.91,,,
2019-03-19,6162.01,4029.65,2132.36,2957.25,4210.92,-1253.67,,,
2019-03-20,7252.39,5480.78,1771.61,3319.03,4642.2,-1323.17,,,
2019-03-22,8149.94,6775.37,1374.57,4456.26,5131.63,-675.37,,,
2019-03-25,6510.26,6359.86,150.4,3207.21,3219.73,-12.52,,,
2019-03-26,4916.71,3917.69,999.02,3766.08,3962.78,-196.7,,,
2019-03-27,6961.1,5479.99,1481.11,3987.85,3852.93,134.92,,,
2019-03-28,10169.95,6575.44,3594.51,7066.2,9146.42,-2080.22,,,
2019-03-29,9044.62,9130.83,-86.21,7108.38,5383.99,1724.39,,,
2019-04-01,3130.6,3288.32,-157.72,2843.61,2603.01,240.6,,,
2019-04-02,3729.46,3841.59,-112.13,2644.42,2709.64,-65.22,,,
2019-04-04,5570.03,5796.22,-226.19,5014.05,3807.89,1206.16,,,
2019-04-06,4921.33,5337.41,-416.08,2338.9,2694.32,-355.42,,,
2019-04-07,3037.7,3066.65,-28.95,2811.26,2752.67,58.59,,,
2019-04-09,3759.82,5498.31,-1738.49,3623.64,2319.06,1304.58,,,
2019-04-10,4862.69,5545.62,-682.93,3757.64,3151.36,606.28,,,
2019-04-11,4625.98,4764.51,-138.53,3297.77,3798.01,-500.24,,,
2019-04-12,4828.69,5609.75,-781.06,4326.93,3422.8,904.13,,,
2019-04-15,3913.47,3200.25,713.22,3938.03,3356.67,581.36,,,
2019-04-16,5284.33,4245.75,1038.58,4563.75,4526.53,37.22,,,
2019-04-18,7699.74,6661.28,1038.46,2996.35,3333.94,-337.59,,,
2019-04-22,2606.37,2533.29,73.08,2796.39,2864.55,-68.16,,,
2019-04-23,3508.9,3746.37,-237.47,2933.64,2735.29,198.35,,,
2019-04-24,5235.16,4260.28,974.88,3181.77,3838.83,-657.06,,,
2019-04-25,10239.36,6453.63,3785.73,4542.14,8612.12,-4069.98,,,
2019-04-26,4344.39,4415.12,-70.73,4080.51,3159.63,920.88,,,
2019-04-30,8263.78,8149.19,114.59,4241.3,3511.28,730.02,,,
2019-05-02,3061.63,2640.98,420.65,2947.18,2752.87,194.31,,,
2019-05-03,5496.12,4744.2,751.92,4916.21,4335.35,580.86,,,
2019-05-04,4279.32,3481.42,797.9,3131.21,3456.79,-325.58,,,
2019-05-07,3628.39,3717.77,-89.38,4178.9,3903.27,275.63,,,
2019-05-08,4778.51,6795.24,-2016.73,4950.94,3079.67,1871.27,,,
2019-05-09,3637.65,4198.82,-561.17,3029.92,2330.61,699.31,,,
2019-05-11,5551.26,5078.09,473.17,3163.93,4757.64,-1593.71,,,
2019-05-12,4893.44,4240.08,653.36,2846.29,3256.78,-410.49,,,
2019-05-13,2972.22,4028.23,-1056.01,3847.54,2789.63,1057.91,,,
2019-05-14,4696.49,6708.34,-2011.85,5086.56,2843.65,2242.91,,,
2019-05-15,4275.63,5418.07,-1142.44,3675.01,3003.24,671.77,,,
2019-05-16,3526.95,4480.18,-953.23,3504.19,2556.19,948.0,,,
2019-05-17,4296.73,5354.55,-1057.82,4699.59,2889.83,1809.76,,,
2019-05-20,7610.68,5876.23,1734.45,5129.52,5672.23,-542.71,,,
2019-05-21,6587.6,5402.16,1185.44,3332.26,4422.58,-1090.32,,,
2019-05-22,4685.54,5650.56,-965.02,3579.28,3737.03,-157.75,,,
2019-05-23,8339.24,6987.04,1352.2,6775.56,7369.1,-593.54,,,
2019-05-24,8059.76,6033.43,2026.33,3839.67,4035.02,-195.35,,,
2019-05-27,4732.4,3517.04,1215.36,3740.3,4068.16,-327.86,,,
2019-05-28,18471.16,18972.27,-501.11,4088.07,3818.85,269.22,,,
2019-05-29,4520.66,4824.93,-304.27,2907.56,3097.14,-189.58,,,
2019-05-30,7162.17,5497.43,1664.74,4145.83,5268.43,-1122.6,,,
2019-05-31,9474.09,8797.94,676.15,3815.19,3421.1,394.09,,,
2019-06-02,4040.48,3345.51,694.97,3509.34,2984.08,525.26,,,
2019-06-03,6369.0,5238.22,1130.78,3503.63,4382.08,-878.45,,,
2019-06-05,3859.48,4808.46,-948.98,3361.38,3271.49,89.89,,,
2019-06-06,6977.43,8426.42,-1448.99,4050.97,4701.81,-650.84,,,
2019-06-08,5109.85,7217.78,-2107.93,5481.75,3192.7,2289.05,,,
2019-06-09,3317.21,4274.26,-957.05,3300.64,2093.44,1207.2,,,
2019-06-11,5903.74,4892.25,1011.49,3561.07,4678.32,-1117.25,,,
2019-06-12,3673.34,4541.0,-867.66,2965.39,2754.67,210.72,,,
2019-06-13,5023.52,4851.17,172.35,2241.17,2686.04,-444.87,,,
2019-06-14,5163.62,5402.26,-238.64,2169.48,1793.01,376.47,,,
2019-06-17,4718.81,5050.08,-331.27,4073.89,2816.03,1257.86,,,
2019-06-18,4653.19,4621.46,31.73,2855.89,2674.86,181.03,,,
2019-06-19,4603.56,4700.61,-97.05,2770.2,2875.11,-104.91,,,
2019-06-20,4463.92,4902.33,-438.41,3455.56,2214.33,1241.23,,,
2019-06-21,11105.04,11835.62,-730.58,3327.06,2881.31,445.75,,,
2019-06-24,3385.39,3178.06,207.33,3141.51,2157.08,984.43,,,
2019-06-25,4896.25,3738.38,1157.87,3154.5,2777.28,377.22,,,
2019-06-26,4267.33,4161.07,106.26,3267.69,3319.16,-51.47,,,
2019-06-27,6970.7,6971.41,-0.71,6974.82,6778.25,196.57,,,
2019-06-28,5175.39,5689.3,-513.91,3052.36,2869.96,182.4,,,
2019-07-01,4252.17,3515.99,736.18,2492.8,2634.77,-141.97,,,
2019-07-02,3330.61,2912.6,418.01,3019.57,2725.46,294.11,,,
2019-07-03,5349.39,4211.54,1137.85,3111.73,4037.19,-925.46,,,
2019-07-05,4854.6,5499.68,-645.08,3113.36,2294.52,818.84,,,
2019-07-06,3031.66,3510.5,-478.84,2489.85,2310.06,179.79,,,
2019-07-08,5240.25,5623.91,-383.66,3990.96,3459.4,531.56,,,
2019-07-10,3023.15,3517.36,-494.21,4191.17,3286.35,904.82,,,
2019-07-11,6377.16,5450.56,926.6,3818.14,4453.73,-635.59,,,
2019-07-15,3606.61,3823.05,-216.44,3171.74,2580.02,591.72,,,
2019-07-16,3709.45,4154.44,-444.99,3520.83,2883.12,637.71,,,
2019-07-17,3813.78,3830.75,-16.97,3102.24,2893.36,208.88,,,
2019-07-18,4104.11,5508.97,-1404.86,3546.87,3217.82,329.05,,,
2019-07-19,4791.13,5741.28,-950.15,3906.06,3172.14,733.92,,,
2019-07-22,3415.71,5332.62,-1916.91,4665.5,2835.6,1829.9,,,
2019-07-23,4226.12,6834.09,-2607.97,5611.42,2986.32,2625.1,,,
2019-07-24,4130.62,5524.33,-1393.71,5419.0,3278.74,2140.26,,,
2019-07-25,6135.47,6262.12,-126.65,5579.11,5180.58,398.53,,,
2019-07-26,3275.78,4779.04,-1503.26,3845.28,1927.76,1917.52,,,
2019-07-29,3439.74,4144.16,-704.42,4643.99,3292.35,1351.64,,,
2019-07-30,4523.09,5167.68,-644.59,5423.73,4344.01,1079.72,,,
2019-07-31,5935.22,7432.29,-1497.07,6486.11,4006.73,2479.38,,,
2019-08-01,3437.43,3991.21,-553.78,3343.63,2645.46,698.17,,,
2019-08-02,4434.51,3590.78,843.73,2865.18,3825.22,-960.04,,,
2019-08-03,5038.53,3943.47,1095.06,2944.86,3415.56,-470.7,,,
2019-08-04,5062.17,4732.57,329.6,2452.9,3076.71,-623.81,,,
2019-08-05,5012.0,5713.07,-701.07,3411.5,3178.55,232.95,,,
2019-08-07,3625.47,4027.46,-401.99,4054.9,3733.77,321.13,,,
2019-08-08,5428.61,5866.0,-437.39,4192.61,3901.32,291.29,,,
2019-08-11,6432.37,5500.17,932.2,3840.39,4424.87,-584.48,,,
2019-08-13,5741.91,6380.19,-638.28,4796.22,4594.69,201.53,,,
2019-08-14,6859.68,5245.05,1614.63,4385.7,2765.88,1619.82,,,
2019-08-16,5789.77,7129.04,-1339.27,3201.58,2143.3,1058.28,,,
2019-08-19,3227.61,3533.35,-305.74,2336.2,1949.97,386.23,,,
2019-08-20,5626.28,5253.05,373.23,2814.78,2518.37,296.41,,,
2019-08-21,3833.65,4604.46,-770.81,3475.42,3121.45,353.97,,,
2019-08-22,5345.72,6248.71,-902.99,4967.25,3248.18,1719.07,,,
2019-08-23,4365.18,6102.38,-1737.2,4150.62,2602.13,1548.49,,,
2019-08-26,4084.78,4837.68,-752.9,4729.02,3456.73,1272.29,,,
2019-08-27,13433.32,14357.26,-923.94,5888.07,4725.42,1162.65,,,
2019-08-28,3761.05,4696.32,-935.27,3166.1,2806.78,359.32,,,
2019-08-29,3870.93,4857.51,-986.58,5291.34,4802.11,489.23,,,
2019-08-30,7343.93,6180.98,1162.95,4580.74,3078.47,1502.27,,,
2019-09-01,4410.43,4134.29,276.14,3658.89,3219.22,439.67,,,
2019-09-04,4784.29,3571.94,1212.35,2700.06,3388.71,-688.65,,,
2019-09-05,5088.03,5743.39,-655.36,3159.88,2481.97,677.91,,,
2019-09-07,4334.19,5008.45,-674.26,4545.33,3834.42,710.91,,,
2019-09-08,4734.7,4530.97,203.73,4568.72,3961.8,606.92,,,
2019-09-09,2828.35,3016.43,-188.08,3104.19,2417.72,686.47,,,
2019-09-10,5513.36,5998.6,-485.24,3771.36,2815.1,956.26,,,
2019-09-12,4185.86,3726.64,459.22,2296.07,2221.14,74.93,,,
2019-09-13,3141.44,3546.89,-405.45,2977.32,2767.76,209.56,,,
2019-09-16,4067.62,4818.88,-751.26,2501.95,2193.39,308.56,,,
2019-09-17,4271.41,5079.7,-808.29,3141.11,3055.35,85.76,,,
2019-09-18,2814.12,3773.21,-959.09,2879.19,2098.74,780.45,,,
2019-09-19,2510.71,3403.23,-892.52,3092.89,2447.17,645.72,,,
2019-09-20,17032.28,16996.5,35.78,11174.91,8173.59,3001.32,,,
2019-09-23,11057.79,8373.74,2684.05,10074.6,9782.65,291.95,,,
2019-09-24,5340.81,6169.3,-828.49,5150.44,4677.63,472.81,,,
2019-09-25,6997.31,7339.71,-342.4,3888.78,4651.26,-762.48,,,
2019-09-26,9934.75,9197.58,737.17,7486.66,7147.38,339.28,,,
2019-09-27,3941.44,4155.04,-213.6,3428.17,2969.49,458.68,,,
2019-09-30,5662.31,6131.71,-469.4,5315.0,4810.31,504.69,,,
2019-10-01,4018.48,4363.06,-344.58,3390.9,3379.92,10.98,,,
2019-10-04,6433.94,5004.02,1429.92,3174.13,2712.84,461.29,,,
2019-10-05,3449.3,4694.44,-1245.14,3812.31,2754.89,1057.42,,,
2019-10-06,3738.65,3522.45,216.2,2245.43,2074.81,170.62,,,
2019-10-07,3853.73,4458.67,-604.94,3499.57,2832.17,667.4,,,
2019-10-10,4763.46,5026.57,-263.11,4043.14,3540.47,502.67,,,
2019-10-12,4072.56,4439.35,-366.79,2696.96,2358.56,338.4,,,
2019-10-14,4916.46,4020.83,895.63,3562.06,3987.21,-425.15,,,
2019-10-15,6473.7,6037.68,436.02,4104.19,3174.8,929.39,,,
2019-10-16,5765.06,5078.73,686.33,5078.73,3473.28,1605.45,,,
2019-10-17,5659.99,4501.36,1158.63,3702.38,4214.14,-511.76,,,
2019-10-18,5423.72,5387.16,36.56,5071.17,4484.29,586.88,,,
2019-10-22,7878.6,8436.1,-557.5,5136.52,6121.99,-985.47,,,
2019-10-23,5182.47,5395.7,-213.23,3961.03,4098.41,-137.38,,,
2019-10-24,5885.49,5958.36,-72.87,3837.33,4576.08,-738.75,,,
2019-10-25,5370.33,5805.75,-435.42,4351.14,3910.98,440.16,,,
2019-10-27,31.73,25.12,6.61,60.91,6.52,54.39,,,
2019-10-29,8011.44,7134.8,876.64,4972.25,4827.5,144.75,,,
2019-10-30,12523.06,5330.64,7192.42,4164.15,4350.02,-185.87,,,
2019-10-31,9004.58,7133.71,1870.87,4886.64,5537.37,-650.73,,,
2019-11-01,3195.08,3882.28,-687.2,3810.21,3687.04,123.17,,,
2019-11-02,3981.86,4106.91,-125.05,3027.08,3259.63,-232.55,,,
2019-11-03,8163.17,4352.57,3810.6,3317.7,5273.25,-1955.55,,,
2019-11-04,4679.16,4202.65,476.51,2879.46,2896.04,-16.58,,,
2019-11-06,4317.71,4221.92,95.79,2224.14,2375.15,-151.01,,,
2019-11-07,3177.83,3494.69,-316.86,3593.95,2874.21,719.74,,,
2019-11-09,5406.02,5139.13,266.89,4444.73,3312.31,1132.42,,,
2019-11-10,5721.61,4971.87,749.74,3607.44,4310.46,-703.02,,,
2019-11-11,4072.17,3407.97,664.2,2890.91,3135.97,-245.06,,,
2019-11-12,5022.53,4417.12,605.41,3421.44,3181.57,239.87,,,
2019-11-13,7160.19,6575.27,584.92,3368.95,4258.98,-890.03,,,
2019-11-14,5100.87,5662.92,-562.05,3863.52,3780.78,82.74,,,
2019-11-15,5113.19,6121.56,-1008.37,4339.31,3801.57,537.74,,,
2019-11-18,4375.8,4646.46,-270.66,3338.82,3029.37,309.45,,,
2019-11-19,7785.13,8700.5,-915.37,4310.87,4048.52,262.35,,,
2019-11-20,5840.2,5273.68,566.52,4850.66,4667.25,183.41,,,
2019-11-21,10556.67,5533.13,5023.54,3347.32,3595.06,-247.74,,,
2019-11-22,5138.86,4833.14,305.72,2838.11,3015.48,-177.37,,,
2019-11-25,5257.86,4296.96,960.9,3378.86,3592.52,-213.66,,,
2019-11-26,39885.28,35207.53,4677.75,5501.94,9743.95,-4242.01,,,
2019-11-27,4526.38,4483.45,42.93,3999.3,3559.79,439.51,,,
2019-11-28,5250.85,4241.96,1008.89,4132.0,4287.47,-155.47,,,
2019-11-29,4769.15,6661.44,-1892.29,4407.04,3453.42,953.62,,,
2019-12-02,4020.15,4486.93,-466.78,2441.11,2563.75,-122.64,,,
2019-12-03,8613.9,6136.18,2477.72,4184.73,5175.21,-990.48,,,
2019-12-04,3985.73,3088.28,897.45,3157.49,3173.48,-15.99,,,
2019-12-06,3545.92,4596.35,-1050.43,2216.85,1945.7,271.15,,,
2019-12-07,4810.46,5660.57,-850.11,4066.91,3126.79,940.12,,,
2019-12-09,4524.38,3740.83,783.55,2786.99,2913.81,-126.82,,,
2019-12-12,4480.31,5164.14,-683.83,3474.22,2663.99,810.23,,,
2019-12-13,4632.38,4516.68,115.7,3954.84,3569.92,384.92,,,
2019-12-16,5349.12,4620.99,728.13,1988.37,2784.75,-796.38,,,
2019-12-17,7896.28,6647.81,1248.47,3038.74,3946.9,-908.16,,,
2019-12-18,7710.44,5873.63,1836.81,3154.92,4422.49,-1267.57,,,
2019-12-19,5315.81,4576.38,739.43,2535.44,3029.39,-493.95,,,
2019-12-20,9729.14,9390.28,338.86,4412.85,4698.26,-285.41,,,
2019-12-23,4673.51,3210.23,1463.28,2421.51,4368.87,-1947.36,,,
2019-12-24,1935.51,2049.89,-114.38,1920.41,2265.63,-345.22,,,
2019-12-26,1823.17,2327.3,-504.13,3442.9,3322.44,120.46,,,
2019-12-27,2762.85,2681.48,81.37,2587.53,2461.76,125.77,,,
2019-12-30,2592.08,2722.6,-130.52,2734.01,2532.69,201.32,,,
2019-12-31,2202.96,3468.06,-1265.1,3697.29,3112.22,585.07,,,
2020-01-01,340.21,399.08,-58.87,1688.37,1479.9,208.47,,,
2020-01-02,1049.2,2248.73,-1199.53,4513.02,4476.38,36.64,,,
2020-01-04,5581.89,6698.68,-1116.79,2772.09,3222.45,-450.36,,,
2020-01-06,7015.34,5439.88,1575.46,4890.67,5349.92,-459.25,,,
2020-01-07,3629.77,5326.22,-1696.45,3669.48,2292.35,1377.13,,,
2020-01-09,7444.55,6958.46,486.09,3436.41,4211.64,-775.23,,,
2020-01-10,4708.03,3075.78,1632.25,3277.14,3017.68,259.46,,,
2020-01-12,11337.25,8095.25,3242.0,3644.5,4687.71,-1043.21,,,
2020-01-13,4881.89,4761.1,120.79,595.5,1724.39,-1128.89,,,
2020-01-14,4880.95,5086.51,-205.56,3934.36,4576.83,-642.47,,,
2020-01-15,6026.82,5747.29,279.53,3897.86,4546.2,-648.34,,,
2020-01-16,4758.32,5153.56,-395.24,3686.43,3871.08,-184.65,,,
2020-01-17,6609.58,6345.32,264.26,3615.43,4115.6,-500.17,,,
2020-01-20,5050.19,5044.32,5.87,3332.28,4752.13,-1419.85,,,
2020-01-21,6095.57,6145.65,-50.08,3255.07,3562.88,-307.81,,,
2020-01-22,5254.68,5431.11,-176.43,4286.22,4612.44,-326.22,,,
2020-01-23,7969.55,6617.42,1352.13,6729.56,7714.12,-984.56,,,
2020-01-24,4884.53,4225.42,659.11,3748.79,3330.83,417.96,,,
2020-01-27,3025.73,3464.58,-438.85,3451.63,3441.12,10.51,,,
2020-01-28,4871.86,6229.42,-1357.56,4857.64,4145.94,711.7,,,
2020-01-29,5012.44,6026.71,-1014.27,4662.96,3142.06,1520.9,,,
2020-01-30,4674.24,5636.52,-962.28,3748.39,3456.04,292.35,,,
2020-01-31,5142.69,9321.81,-4179.12,7024.62,3208.18,3816.44,,,
2020-02-01,2670.78,1982.02,688.76,3490.16,3426.21,63.95,,,
2020-02-03,6376.11,7730.83,-1354.72,5097.47,3958.73,1138.74,,,
2020-02-06,12157.07,4658.78,7498.29,5065.9,4624.85,441.05,,,
2020-02-07,4054.33,4611.05,-556.72,5134.57,4225.93,908.64,,,
2020-02-09,6640.39,5649.82,990.57,3157.15,3814.63,-657.48,,,
2020-02-11,6824.79,6084.18,740.61,3816.19,4350.16,-533.97,,,
2020-02-12,9295.46,8938.11,357.35,3377.19,5013.16,-1635.97,,,
2020-02-13,5501.59,4440.2,1061.39,2951.69,3912.17,-960.48,,,
2020-02-14,4271.61,4976.53,-704.92,4037.42,3817.88,219.54,,,
2020-02-17,3406.75,3780.81,-374.06,3294.42,3448.67,-154.25,,,
2020-02-18,5132.62,5207.01,-74.39,4360.84,4670.27,-309.43,,,
2020-02-19,4806.74,4997.4,-190.66,3123.58,2533.46,590.12,,,
2020-02-20,7632.11,6136.86,1495.25,3768.28,4467.9,-699.62,,,
2020-02-24,5969.32,7130.22,-1160.9,4171.7,3655.49,516.21,,,
2020-02-25,5356.93,7672.0,-2315.07,4386.78,2821.5,1565.28,,,
2020-02-26,5821.6,9158.2,-3336.6,6635.51,3849.84,2785.67,,,
2020-02-27,5548.34,8675.7,-3127.36,6695.91,3198.41,3497.5,,,
2020-02-28,14161.82,15590.56,-1428.74,11757.09,4135.93,7621.16,,,
2020-03-01,4514.35,3251.3,1263.05,2750.87,3780.07,-1029.2,,,
2020-03-02,5834.38,7034.65,-1200.27,5825.21,4538.58,1286.63,,,
2020-03-03,5679.09,8094.89,-2415.8,6177.35,3042.11,3135.24,,,
2020-03-04,7596.78,9557.75,-1960.97,3568.24,3341.69,226.55,,,
2020-03-06,9979.47,8128.35,1851.12,4633.07,5414.86,-781.79,,,
2020-03-07,3325.35,2468.06,857.29,3094.36,3426.32,-331.96,,,
2020-03-08,13299.91,5481.42,7818.49,4719.84,4855.39,-135.55,,,
2020-03-09,5127.27,5119.55,7.72,3301.57,3181.49,120.08,,,
2020-03-11,8481.57,6207.17,2274.4,4316.48,5417.4,-1100.92,,,
2020-03-12,14473.15,10835.73,3637.42,4693.02,6132.76,-1439.74,,,
2020-03-13,8336.42,14364.0,-6027.58,13264.47,7396.57,5867.9,,,
2020-03-16,6908.97,10718.9,-3809.93,8198.16,5583.62,2614.54,,,
2020-03-17,6655.46,10700.15,-4044.69,7632.05,4209.93,3422.12,,,
2020-03-18,6853.17,11938.52,-5085.35,11245.21,7608.77,3636.44,,,
2020-03-19,6766.44,11389.37,-4622.93,8692.51,4325.08,4367.43,,,
2020-03-20,9550.97,12896.92,-3345.95,8229.44,5798.2,2431.24,,,
2020-03-23,5701.63,8690.92,-2989.29,6897.22,5814.98,1082.24,,,
2020-03-24,7407.77,9561.12,-2153.35,5860.39,4306.73,1553.66,,,
2020-03-25,9310.2,11203.56,-1893.36,5303.16,4565.18,737.98,,,
2020-03-26,9423.25,9908.03,-484.78,4961.44,5731.37,-769.93,,,
2020-03-27,8999.97,8644.19,355.78,5594.3,3890.58,1703.72,,,
2020-03-30,4726.47,9090.08,-4363.61,6314.21,2763.88,3550.33,,,
2020-03-31,6295.4,9340.34,-3044.94,6955.41,3379.18,3576.23,,,
2020-04-02,7504.47,7138.26,366.21,4216.53,3614.67,601.86,,,
2020-04-03,8228.73,9107.11,-878.38,5859.55,5095.42,764.13,,,
2020-04-05,5482.19,6856.17,-1373.98,3756.63,5418.24,-1661.61,,,
2020-04-06,8506.04,5601.0,2905.04,3622.8,4470.11,-847.31,,,
2020-04-08,5426.42,4722.68,703.74,3650.09,4315.78,-665.69,,,
2020-04-09,4931.66,6820.44,-1888.78,3784.71,4241.59,-456.88,,,
2020-04-11,6302.82,6156.6,146.22,4428.91,4437.04,-8.13,,,
2020-04-12,9863.79,6894.2,2969.59,4062.46,6034.06,-1971.6,,,
2020-04-13,3908.16,5151.9,-1243.74,2986.36,4083.25,-1096.89,,,
2020-04-15,14199.31,12840.0,1359.31,4671.97,5769.83,-1097.86,,,
2020-04-16,6779.21,9699.57,-2920.36,4655.41,3333.97,1321.44,,,
2020-04-17,7494.64,8886.62,-1391.98,4145.97,3611.73,534.24,,,
2020-04-20,5817.14,6083.03,-265.89,3448.46,4237.33,-788.87,,,
2020-04-21,3997.53,6092.76,-2095.23,4285.48,4353.94,-68.46,,,
2020-04-22,5441.64,6767.73,-1326.09,4352.95,3489.13,863.82,,,
2020-04-23,6171.82,6286.4,-114.58,3828.87,3490.6,338.27,,,
2020-04-24,5668.62,5875.91,-207.29,3903.74,4897.72,-993.98,,,
2020-04-27,3888.01,4804.43,-916.42,4502.75,3360.78,1141.97,,,
2020-04-28,4877.7,4999.85,-122.15,4249.74,3860.74,389.0,,,
2020-04-29,5733.65,5011.57,722.08,5011.57,4225.17,786.4,,,
2020-04-30,8792.04,6823.24,1968.8,5919.28,5340.25,579.03,,,
2020-05-02,7151.42,6902.48,248.94,5142.23,4879.48,262.75,,,
2020-05-03,5980.14,8456.89,-2476.75,5056.28,2545.39,2510.89,,,
2020-05-05,4813.92,5137.78,-323.86,936.35,994.56,-58.21,,,
2020-05-06,4585.79,4488.18,97.61,3539.03,3491.74,47.29,,,
2020-05-08,5976.57,6036.75,-60.18,3055.35,3481.33,-425.98,,,
2020-05-10,5685.56,5448.85,236.71,2779.65,3251.21,-471.56,,,
2020-05-11,9962.68,4594.37,5368.31,3588.71,5796.89,-2208.18,,,
2020-05-13,6192.1,6475.53,-283.43,4847.22,4614.57,232.65,,,
2020-05-14,4655.18,6807.7,-2152.52,4146.16,3343.8,802.36,,,
2020-05-15,3905.69,6293.73,-2388.04,3501.57,2276.04,1225.53,,,
2020-05-18,4648.07,7160.89,-2512.82,4381.64,4534.06,-152.42,,,
2020-05-19,13613.73,14942.04,-1328.31,4362.13,2702.39,1659.74,,,
2020-05-20,4522.3,5988.82,-1466.52,4855.06,2481.87,2373.19,,,
2020-05-21,6102.7,6361.43,-258.73,3602.92,3201.14,401.78,,,
2020-05-22,4404.88,5758.78,-1353.9,4164.03,4508.19,-344.16,,,
2020-05-26,11849.98,7133.85,4716.13,6700.02,3858.93,2841.09,,,
2020-05-27,6191.51,6526.25,-334.74,5684.69,3275.84,2408.85,,,
2020-05-28,8584.41,6230.27,2354.14,5044.02,4899.19,144.83,,,
2020-05-29,25389.42,23928.71,1460.71,8144.45,7177.02,967.43,,,
2020-06-01,3732.0,3835.84,-103.84,3778.78,3802.48,-23.7,,,
2020-06-02,6251.69,6812.05,-560.36,4545.19,4241.18,304.01,,,
2020-06-03,6745.54,10340.38,-3594.84,6861.39,4317.61,2543.78,,,
2020-06-05,4544.82,5038.5,-493.68,3811.57,3489.1,322.47,,,
2020-06-07,4111.43,3763.08,348.35,4205.92,3942.45,263.47,,,
2020-06-08,5578.69,4941.26,637.43,3042.83,3510.83,-468.0,,,
2020-06-10,6072.97,4971.21,1101.76,3076.87,4011.71,-934.84,,,
2020-06-11,9450.25,4580.38,4869.87,2950.98,5889.64,-2938.66,,,
2020-06-15,3247.57,6207.9,-2960.33,3826.07,2749.69,1076.38,,,
2020-06-16,4608.09,6086.61,-1478.52,4742.48,3580.97,1161.51,,,
2020-06-17,4910.75,5397.37,-486.62,3759.97,3591.92,168.05,,,
2020-06-18,4918.0,4551.43,366.57,3671.35,2540.08,1131.27,,,
2020-06-19,14764.29,13527.29,1237.0,6511.56,7392.22,-880.66,,,
2020-06-22,5467.93,5043.72,424.21,4781.76,6069.45,-1287.69,,,
2020-06-23,23234.73,23065.77,168.96,4753.26,4298.78,454.48,,,
2020-06-24,8721.09,6954.19,1766.9,4527.64,6052.54,-1524.9,,,
2020-06-25,5716.86,6767.47,-1050.61,7786.25,8041.84,-255.59,,,
2020-06-26,4220.4,4973.58,-753.18,4763.5,3459.32,1304.18,,,
2020-06-29,3964.64,5901.7,-1937.06,4337.18,3301.05,1036.13,,,
2020-06-30,4796.39,6796.47,-2000.08,5247.06,3195.75,2051.31,,,
2020-07-01,3911.17,4593.4,-682.23,4205.16,3893.97,311.19,,,
2020-07-02,5048.96,4887.03,161.93,3936.37,4114.96,-178.59,,,
2020-07-04,10341.45,9599.68,741.77,5156.45,4733.94,422.51,,,
2020-07-05,23369.82,4313.33,19056.49,7050.9,3232.49,3818.41,,,
2020-07-07,6580.15,5750.25,829.9,3512.24,4296.71,-784.47,,,
2020-07-08,6034.73,5637.41,397.32,3442.99,3881.61,-438.62,,,
2020-07-09,3496.26,3503.19,-6.93,2987.83,3803.65,-815.82,,,
2020-07-10,6044.21,4950.4,1093.81,2970.15,4099.64,-1129.49,,,
2020-07-12,8796.14,5004.08,3792.06,4287.14,7054.23,-2767.09,,,
2020-07-13,3730.71,3508.95,221.76,2803.89,4289.48,-1485.59,,,
2020-07-14,3557.86,5123.48,-1565.62,3536.39,4186.09,-649.7,,,
2020-07-15,4579.58,4801.28,-221.7,4198.17,5097.54,-899.37,,,
2020-07-16,4489.16,5580.24,-1091.08,5544.6,3884.69,1659.91,,,
2020-07-17,5202.81,4505.73,697.08,4072.47,4281.89,-209.42,,,
2020-07-20,4960.3,3250.33,1709.97,3306.19,4828.18,-1521.99,,,
2020-07-21,8209.13,5943.25,2265.88,3465.53,4192.92,-727.39,,,
2020-07-22,6908.58,5243.01,1665.57,3694.53,4833.36,-1138.83,,,
2020-07-23,5509.38,3768.88,1740.5,3825.47,4757.38,-931.91,,,
2020-07-24,5776.01,5366.13,409.88,4079.67,5082.65,-1002.98,,,
2020-07-27,4090.97,4544.28,-453.31,3560.65,4538.53,-977.88,,,
2020-07-28,5836.36,5590.41,245.95,3990.8,5008.2,-1017.4,,,
2020-07-29,5725.05,6077.67,-352.62,4301.09,4806.71,-505.62,,,
2020-07-30,6462.05,6254.75,207.3,5558.41,5945.65,-387.24,,,
2020-07-31,4283.29,5241.93,-958.64,4447.93,4005.2,442.73,,,
2020-08-01,4109.04,4624.89,-515.85,5162.02,4413.62,748.4,,,
2020-08-04,8916.39,6972.98,1943.41,3471.38,5229.17,-1757.79,,,
2020-08-05,6091.97,4367.26,1724.71,3416.61,4919.75,-1503.14,,,
2020-08-06,6081.97,5268.7,813.27,4212.26,5450.49,-1238.23,,,
2020-08-07,5473.24,6468.11,-994.87,3721.81,4575.22,-853.41,,,
2020-08-09,3659.41,4715.93,-1056.52,4162.36,3542.07,620.29,,,
2020-08-10,6586.24,5607.87,978.37,4992.59,4972.74,19.85,,,
2020-08-12,8473.34,5563.74,2909.6,3912.38,6553.31,-2640.93,,,
2020-08-13,4569.17,4152.89,416.28,3693.86,4457.4,-763.54,,,
2020-08-14,5184.05,5137.66,46.39,3255.49,4052.57,-797.08,,,
2020-08-17,3828.93,3496.03,332.9,2766.3,3483.92,-717.62,,,
2020-08-18,5409.49,4274.92,1134.57,2893.29,3272.67,-379.38,,,
2020-08-19,4934.93,4475.92,459.01,3595.59,3692.72,-97.13,,,
2020-08-20,4680.39,4948.85,-268.46,3438.24,4110.47,-672.23,,,
2020-08-21,3975.11,3564.95,410.16,4277.43,4528.08,-250.65,,,
2020-08-24,4444.08,4225.01,219.07,3344.75,3680.39,-335.64,,,
2020-08-25,5640.95,4159.75,1481.2,3913.03,4086.0,-172.97,,,
2020-08-26,6857.48,5276.17,1581.31,3785.61,4980.23,-1194.62,,,
2020-08-27,6625.39,5461.07,1164.32,3339.96,4149.23,-809.27,,,
2020-08-28,6618.88,5614.77,1004.11,5341.4,5884.96,-543.56,,,
2020-08-31,16290.34,19685.83,-3395.49,5760.96,5080.08,680.88,,,
2020-09-01,4716.4,5147.51,-431.11,5020.49,4601.27,419.22,,,
2020-09-03,6076.45,12672.01,-6595.56,9971.24,4996.44,4974.8,,,
2020-09-04,7277.03,5539.41,1737.62,4135.32,4601.34,-466.02,,,
2020-09-06,6502.25,6011.44,490.81,4043.52,4776.85,-733.33,,,
2020-09-07,4516.59,4303.82,212.77,2872.1,3675.49,-803.39,,,
2020-09-09,5079.82,6038.91,-959.09,3974.56,4238.53,-263.97,,,
2020-09-10,6284.33,6323.72,-39.39,4154.21,4027.6,126.61,,,
2020-09-11,9163.22,4614.83,4548.39,3030.65,6066.96,-3036.31,,,
2020-09-12,9574.48,6010.25,3564.23,3834.91,6328.01,-2493.1,,,
2020-09-14,6172.11,5873.89,298.22,5851.26,5971.61,-120.35,,,
2020-09-15,5391.77,4220.88,1170.89,3922.08,4817.71,-895.63,,,
2020-09-16,4980.88,4716.22,264.66,4259.67,4471.88,-212.21,,,
2020-09-17,4580.45,4830.27,-249.82,3883.84,4951.67,-1067.83,,,
2020-09-18,19932.3,19727.15,205.15,6248.89,6349.72,-100.83,,,
2020-09-21,5230.5,5770.31,-539.81,4333.23,4851.18,-517.95,,,
2020-09-22,3805.95,5878.71,-2072.76,4963.84,4084.93,878.91,,,
2020-09-23,4190.07,8102.51,-3912.44,5186.24,3557.01,1629.23,,,
2020-09-24,6301.62,8187.31,-1885.69,7839.03,7650.39,188.64,,,
2020-09-25,4383.11,6463.32,-2080.21,4210.84,2140.21,2070.63,,,
2020-09-28,4414.51,4441.49,-26.98,3041.27,2498.93,542.34,,,
2020-09-29,4346.69,5803.35,-1456.66,3244.85,2668.35,576.5,,,
2020-09-30,5725.27,6437.75,-712.48,3010.51,2601.04,409.47,,,
2020-10-01,4679.66,4101.38,578.28,4438.75,4690.49,-251.74,,,
2020-10-02,4665.04,4849.62,-184.58,2866.79,3602.58,-735.79,,,
2020-10-06,4432.22,5351.48,-919.26,3179.77,2679.07,500.7,,,
2020-10-07,2489.45,3520.45,-1031.0,2777.56,3208.77,-431.21,,,
2020-10-08,4892.69,4589.81,302.88,3963.32,4468.24,-504.92,,,
2020-10-09,5897.92,5059.55,838.37,3224.77,3542.07,-317.3,,,
2020-10-11,14188.59,8561.27,5627.32,6626.38,8935.57,-2309.19,,,
2020-10-12,7663.53,5403.55,2259.98,3390.71,5665.93,-2275.22,,,
2020-10-13,5797.32,4965.18,832.14,3029.17,4703.63,-1674.46,,,
2020-10-14,7151.46,6329.6,821.86,2962.67,4238.81,-1276.14,,,
2020-10-15,6544.15,7148.22,-604.07,3251.11,4059.4,-808.29,,,
2020-10-16,4605.47,5085.06,-479.59,2545.89,2975.7,-429.81,,,
2020-10-19,5994.22,4337.44,1656.78,3278.52,4900.25,-1621.73,,,
2020-10-20,6335.73,4750.66,1585.07,2928.16,4561.39,-1633.23,,,
2020-10-21,8448.11,6339.63,2108.48,3951.48,5585.01,-1633.53,,,
2020-10-22,8325.73,7207.27,1118.46,3207.37,5227.24,-2019.87,,,
2020-10-23,6024.92,5117.99,906.93,3705.8,4597.66,-891.86,,,
2020-10-26,5323.21,5442.63,-119.42,3112.15,4091.31,-979.16,,,
2020-10-27,11020.94,7506.05,3514.89,4310.08,5880.88,-1570.8,,,
2020-10-28,7833.41,8964.39,-1130.98,3843.24,3841.76,1.48,,,
2020-10-29,5606.53,6027.48,-420.95,3325.98,3579.39,-253.41,,,
2020-10-30,6329.42,7200.3,-870.88,2694.06,2062.95,631.11,,,
2020-11-02,4705.54,4914.93,-209.39,3819.48,3474.85,344.63,,,
2020-11-03,9721.28,13236.66,-3515.38,7345.59,4510.13,2835.46,,,
2020-11-05,5383.01,4848.14,534.87,3799.19,4620.79,-821.6,,,
2020-11-06,3805.18,4610.32,-805.14,3027.31,3901.66,-874.35,,,
2020-11-08,6227.7,5214.04,1013.66,2759.01,4174.55,-1415.54,,,
2020-11-09,5468.87,4293.06,1175.81,3004.57,3728.88,-724.31,,,
2020-11-11,14549.31,8342.12,6207.19,4578.17,8042.03,-3463.86,,,
2020-11-12,10402.09,6206.66,4195.43,3726.16,6085.16,-2359.0,,,
2020-11-13,9389.23,7453.31,1935.92,2265.3,4727.72,-2462.42,,,
2020-11-17,14689.87,9784.52,4905.35,3076.21,6905.37,-3829.16,,,
2020-11-18,10146.94,7075.01,3071.93,3672.2,6462.05,-2789.85,,,
2020-11-19,10852.05,9671.44,1180.61,3162.07,6017.01,-2854.94,,,
2020-11-20,11000.78,7140.0,3860.78,2975.8,5844.46,-2868.66,,,
2020-11-23,12442.96,7704.52,4738.44,3909.28,6853.33,-2944.05,,,
2020-11-24,12480.89,7917.71,4563.18,3954.39,6476.5,-2522.11,,,
2020-11-25,6931.7,6907.5,24.2,3724.49,5564.82,-1840.33,,,
2020-11-26,8036.86,6009.55,2027.31,3016.07,6416.17,-3400.1,,,
2020-11-27,74741.85,67028.87,7712.98,4875.77,9844.67,-4968.9,,,
2020-12-02,5071.12,5022.31,48.81,3795.48,3456.29,339.19,,,
2020-12-03,9161.05,12636.34,-3475.29,12340.09,8421.85,3918.24,,,
2020-12-05,6231.71,7893.74,-1662.03,5326.5,5690.5,-364.0,,,
2020-12-06,3579.73,4891.22,-1311.49,5251.66,3306.51,1945.15,,,
2020-12-08,4938.95,4587.8,351.15,3560.3,4499.97,-939.67,,,
2020-12-10,6100.23,5485.06,615.17,1960.27,2989.04,-1028.77,,,
2020-12-11,10143.06,8628.94,1514.12,3810.02,6049.45,-2239.43,,,
2020-12-14,7589.88,5325.5,2264.38,3813.97,5535.08,-1721.11,,,
2020-12-15,8612.92,6128.83,2484.09,3564.69,6231.48,-2666.79,,,
2020-12-16,8209.33,6227.56,1981.77,3748.65,5467.1,-1718.45,,,
2020-12-17,8609.38,6254.13,2355.25,3125.72,5620.08,-2494.36,,,
2020-12-18,14649.69,11928.74,2720.95,4224.56,6649.17,-2424.61,,,
2020-12-21,6595.73,6919.28,-323.55,5948.66,5462.54,486.12,,,
2020-12-22,6616.43,5463.43,1153.0,5205.19,5866.7,-661.51,,,
2020-12-23,5365.66,4829.53,536.13,4040.67,5367.59,-1326.92,,,
2020-12-24,5316.24,4090.55,1225.69,3456.22,5354.14,-1897.92,,,
2020-12-28,3456.27,1867.34,1588.93,2714.07,4100.62,-1386.55,,,
2020-12-29,5426.77,3077.24,2349.53,2386.77,4397.27,-2010.5,,,
2020-12-30,5345.63,3521.11,1824.52,3372.43,3959.86,-587.43,,,
2020-12-31,6855.31,5719.72,1135.59,4209.73,4467.37,-257.64,,,
2021-01-01,1072.54,566.33,506.21,2505.67,2436.27,69.4,,,
2021-01-02,10168.32,8674.09,1494.23,6603.46,6693.92,-90.46,,,
2021-01-03,6674.54,6549.39,125.15,4262.45,4457.33,-194.88,,,
2021-01-04,7279.28,7129.87,149.41,3621.88,3918.72,-296.84,,,
2021-01-06,4507.92,4957.78,-449.86,4363.99,4133.5,230.49,,,
2021-01-07,4395.8,5641.09,-1245.29,4721.48,3840.88,880.6,,,
2021-01-09,9384.32,8717.66,666.66,5498.07,6785.94,-1287.87,,,
2021-01-10,7049.23,6917.84,131.39,6093.82,6706.9,-613.08,,,
2021-01-11,8251.05,8453.18,-202.13,5516.93,5400.92,116.01,,,
2021-01-12,8588.49,11354.33,-2765.84,6651.88,3184.86,3467.02,,,
2021-01-13,10263.57,8384.51,1879.06,5777.2,8147.37,-2370.17,,,
2021-01-14,10175.47,9098.85,1076.62,5772.8,5960.9,-188.1,,,
2021-01-15,7240.81,6269.75,971.06,4914.07,5856.14,-942.07,,,
2021-01-18,7847.77,7197.17,650.6,6371.06,6413.57,-42.51,,,
2021-01-19,6715.91,6458.36,257.55,5146.41,5345.71,-199.3,,,
2021-01-20,7701.29,5412.24,2289.05,5084.73,5949.35,-864.62,,,
2021-01-21,9104.25,7489.59,1614.66,5053.57,6093.05,-1039.48,,,
2021-01-22,8326.77,8962.46,-635.69,4859.95,6150.3,-1290.35,,,
2021-01-25,8423.37,9188.67,-765.3,5090.23,5477.99,-387.76,,,
2021-01-27,11236.79,12925.01,-1688.22,6222.79,6226.17,-3.38,,,
2021-01-28,8493.91,12206.42,-3712.51,6351.07,4614.15,1736.92,,,
2021-01-29,11875.01,17805.67,-5930.66,7582.45,5139.25,2443.2,,,
2021-02-02,13585.57,7404.01,6181.56,7755.23,9790.43,-2035.2,,,
2021-02-03,8978.71,6755.55,2223.16,4315.34,5169.38,-854.04,,,
2021-02-06,11510.79,10589.69,921.1,4657.4,4415.64,241.76,,,
2021-02-07,4860.51,5843.31,-982.8,4922.08,3991.69,930.39,,,
2021-02-08,6550.89,8090.77,-1539.88,6478.18,4972.36,1505.82,,,
2021-02-09,9113.34,8764.82,348.52,6368.33,5986.63,381.7,,,
2021-02-11,7815.53,7570.66,244.87,5771.97,5777.97,-6.0,,,
2021-02-12,9064.65,9974.36,-909.71,5828.03,4455.38,1372.65,,,
2021-02-15,5121.51,3887.36,1234.15,4293.84,5342.39,-1048.55,,,
2021-02-16,6825.94,5681.85,1144.09,4632.12,6191.65,-1559.53,,,
2021-02-17,8499.18,7490.98,1008.2,4441.26,5724.64,-1283.38,,,
2021-02-18,9725.77,8822.7,903.07,5281.7,6499.04,-1217.34,,,
2021-02-19,8611.06,8492.31,118.75,3542.36,4717.34,-1174.98,,,
2021-02-22,9454.13,10347.38,-893.25,4804.05,5723.93,-919.88,,,
2021-02-23,8112.33,9681.37,-1569.04,4918.49,4701.82,216.67,,,
2021-02-24,35295.57,6556.4,28739.17,3573.61,3343.17,230.44,,,
2021-02-25,14123.81,13935.73,188.08,5174.63,5921.2,-746.57,,,
2021-02-26,22163.45,30458.62,-8295.17,7534.99,6035.29,1499.7,,,
2021-03-02,11546.18,9025.26,2520.92,6427.49,6827.23,-399.74,,,
2021-03-03,10944.98,8856.28,2088.7,5414.38,5021.47,392.91,,,
2021-03-05,4273.18,6562.64,-2289.46,4366.26,3813.34,552.92,,,
2021-03-06,7323.5,6244.3,1079.2,4726.0,5004.97,-278.97,,,
2021-03-08,8993.55,6876.95,2116.6,6571.69,6870.23,-298.54,,,
2021-03-09,7492.49,6723.91,768.58,6397.78,5729.18,668.6,,,
2021-03-11,9011.72,9413.2,-401.48,5554.9,5359.34,195.56,,,
2021-03-12,7842.92,11199.09,-3356.17,5896.49,4247.7,1648.79,,,
2021-03-15,6658.82,7760.17,-1101.35,4036.19,4785.9,-749.71,,,
2021-03-16,7819.91,6127.6,1692.31,4518.78,5687.37,-1168.59,,,
2021-03-17,9973.21,7347.39,2625.82,5874.44,6436.59,-562.15,,,
2021-03-18,7994.23,6735.76,1258.47,4692.9,5809.07,-1116.17,,,
2021-03-19,24193.67,22775.24,1418.43,7503.7,6944.08,559.62,,,
2021-03-22,6436.46,7223.44,-786.98,4659.69,4116.99,542.7,,,
2021-03-23,7811.31,7919.55,-108.24,4882.49,5412.18,-529.69,,,
2021-03-24,5577.51,7529.41,-1951.9,5581.34,4968.54,612.8,,,
2021-03-25,6669.49,10053.09,-3383.6,7823.37,5555.68,2267.69,,,
2021-03-26,6317.0,6367.13,-50.13,5876.74,4173.6,1703.14,,,
2021-03-30,10119.5,9350.03,769.47,11262.39,9081.38,2181.01,,,
2021-03-31,7657.89,9343.8,-1685.91,6160.75,4079.23,2081.52,,,
2021-04-01,5331.17,3487.95,1843.22,4575.57,5290.78,-715.21,,,
2021-04-02,11826.54,9889.8,1936.74,6314.21,7082.76,-768.55,,,
2021-04-03,11733.98,11957.09,-223.11,4342.9,5131.09,-788.19,,,
2021-04-05,5849.01,7621.38,-1772.37,4952.6,3965.26,987.34,,,
2021-04-06,7683.55,6184.18,1499.37,3883.29,5058.3,-1175.01,,,
2021-04-08,9850.33,7021.76,2828.57,7888.75,8300.11,-411.36,,,
2021-04-10,14121.78,13261.28,860.5,6837.52,6609.46,228.06,,,
2021-04-11,42.52,370.63,-328.11,55.67,17.42,38.25,,,
2021-04-13,8556.44,9287.25,-730.81,4557.77,4313.97,243.8,,,
2021-04-15,11711.48,10731.78,979.7,4979.59,5506.22,-526.63,,,
2021-04-16,7512.32,7074.81,437.51,5523.58,4866.03,657.55,,,
2021-04-19,6381.91,8015.61,-1633.7,6843.13,4487.57,2355.56,,,
2021-04-20,8722.73,9805.06,-1082.33,5595.0,4271.99,1323.01,,,
2021-04-22,9619.52,10529.08,-909.56,5737.09,4887.11,849.98,,,
2021-04-23,6729.46,8090.22,-1360.76,5151.62,3456.03,1695.59,,,
2021-04-26,7660.72,8772.61,-1111.89,6518.02,5495.45,1022.57,,,
2021-04-27,5527.78,6982.53,-1454.75,6484.69,5021.25,1463.44,,,
2021-04-28,7822.55,7056.53,766.02,6349.17,5912.97,436.2,,,
2021-04-29,6399.32,5589.95,809.37,4222.29,5164.64,-942.35,,,
2021-04-30,7951.05,11416.12,-3465.07,5761.78,4342.47,1419.31,,,
2021-05-01,7039.45,6053.15,986.3,5092.0,5582.03,-490.03,,,
2021-05-02,9402.17,7940.46,1461.71,6202.57,7621.22,-1418.65,,,
2021-05-03,9383.17,11397.33,-2014.16,3633.06,4824.25,-1191.19,,,
2021-05-04,4443.84,5375.5,-931.66,5097.54,5022.06,75.48,,,
2021-05-05,4955.96,6066.46,-1110.5,4255.47,4496.08,-240.61,,,
2021-05-07,3222.8,3561.23,-338.43,4578.52,3932.93,645.59,,,
2021-05-08,8746.6,9466.48,-719.88,8541.88,7809.96,731.92,,,
2021-05-10,8732.1,10647.18,-1915.08,8711.87,6843.64,1868.23,,,
2021-05-14,5856.4,8464.25,-2607.85,5444.16,4830.9,613.26,,,
2021-05-17,5797.54,8053.38,-2255.84,7096.88,5148.4,1948.48,,,
2021-05-18,8433.44,7814.95,618.49,6301.03,5851.51,449.52,,,
2021-05-19,7138.11,7835.86,-697.75,4722.98,5575.5,-852.52,,,
2021-05-20,8149.8,8078.76,71.04,4723.27,5599.33,-876.06,,,
2021-05-21,7950.66,7440.5,510.16,6089.36,5440.26,649.1,,,
2021-05-24,7830.55,7245.19,585.36,5329.13,6036.82,-707.69,,,
2021-05-25,7282.89,6323.12,959.77,4299.61,4863.2,-563.59,,,
2021-05-26,5114.13,4872.53,241.6,3623.92,4062.51,-438.59,,,
2021-05-27,42734.21,43395.11,-660.9,6139.4,6027.02,112.38,,,
2021-05-28,5917.71,5004.12,913.59,6440.88,5165.66,1275.22,,,
2021-05-31,7456.51,5044.12,2412.39,4912.06,4732.28,179.78,,,
2021-06-01,6733.28,7216.92,-483.64,5686.04,6066.45,-380.41,,,
2021-06-04,4825.29,5918.04,-1092.75,4518.84,4102.25,416.59,,,
2021-06-05,6326.62,5104.04,1222.58,4036.91,4669.42,-632.51,,,
2021-06-07,4221.77,4765.07,-543.3,5867.38,5346.08,521.3,,,
2021-06-08,6511.05,6580.42,-69.37,6439.14,7070.14,-631.0,,,
2021-06-09,5389.54,5978.9,-589.36,5825.04,5277.73,547.31,,,
2021-06-10,7357.95,8160.76,-802.81,5826.16,6824.85,-998.69,,,
2021-06-12,4130.25,7491.53,-3361.28,4780.05,3078.49,1701.56,,,
2021-06-14,4339.27,4842.78,-503.51,4801.07,4256.81,544.26,,,
2021-06-15,7621.18,6987.49,633.69,3875.29,4524.58,-649.29,,,
2021-06-16,5940.25,6810.54,-870.29,4027.52,4901.72,-874.2,,,
2021-06-17,6727.57,7607.3,-879.73,5107.52,5062.28,45.24,,,
2021-06-18,20440.85,17760.28,2680.57,7052.77,6606.57,446.2,,,
2021-06-21,4675.48,5920.19,-1244.71,4028.31,3890.22,138.09,,,
2021-06-22,6488.06,7516.0,-1027.94,5099.01,4796.56,302.45,,,
2021-06-23,13648.63,10492.1,3156.53,4982.56,3665.36,1317.2,,,
2021-06-24,7094.36,9985.3,-2890.94,5377.76,4239.0,1138.76,,,
2021-06-25,6766.31,7445.15,-678.84,6844.01,5011.25,1832.76,,,
2021-06-28,4275.71,5934.43,-1658.72,5634.19,4357.11,1277.08,,,
2021-06-29,10932.02,10815.39,116.63,8687.31,6877.26,1810.05,,,
2021-06-30,6057.48,7704.14,-1646.66,6171.14,4650.96,1520.18,,,
2021-07-01,8481.77,8099.47,382.3,4815.72,5805.22,-989.5,,,
2021-07-04,7380.16,7152.74,227.42,4903.19,4522.11,381.08,,,
2021-07-05,7159.99,8302.74,-1142.75,6414.23,4946.14,1468.09,,,
2021-07-06,6811.49,6997.95,-186.46,5644.06,4660.09,983.97,,,
2021-07-07,5963.59,5430.65,532.94,4345.38,4577.18,-231.8,,,
2021-07-09,6640.48,6785.93,-145.45,5160.43,5297.0,-136.57,,,
2021-07-10,6734.6,8498.85,-1764.25,7892.67,5364.03,2528.64,,,
2021-07-12,7625.01,10209.98,-2584.97,6637.69,4031.88,2605.81,,,
2021-07-13,5215.72,5101.89,113.83,5589.72,5245.53,344.19,,,
2021-07-14,5234.2,6538.15,-1303.95,5085.07,3749.16,1335.91,,,
2021-07-15,5547.11,5811.88,-264.77,5266.49,4827.08,439.41,,,
2021-07-16,4988.34,5454.64,-466.3,5619.29,4953.22,666.07,,,
2021-07-19,6366.78,8565.49,-2198.71,5913.3,4865.64,1047.66,,,
2021-07-20,4276.7,7111.66,-2834.96,5675.86,4802.72,873.14,,,
2021-07-22,8329.28,8576.87,-247.59,6386.46,5443.91,942.55,,,
2021-07-23,7663.49,7826.8,-163.31,7415.99,5228.19,2187.8,,,
2021-07-26,5495.57,7872.36,-2376.79,5885.63,4334.36,1551.27,,,
2021-07-27,8522.42,9981.5,-1459.08,6332.46,5602.5,729.96,,,
2021-07-28,6941.15,9215.92,-2274.77,6663.07,5741.62,921.45,,,
2021-07-29,8373.72,9239.98,-866.26,7181.58,5134.62,2046.96,,,
2021-07-30,8506.05,12354.36,-3848.31,8047.43,5090.75,2956.68,,,
2021-08-01,13171.18,7141.35,6029.83,4792.7,7165.24,-2372.54,,,
2021-08-02,8017.52,6140.92,1876.6,5356.49,5861.35,-504.86,,,
2021-08-03,5918.33,7412.82,-1494.49,3838.89,3355.27,483.62,,,
2021-08-04,8752.01,8641.16,110.85,4854.39,4301.61,552.78,,,
2021-08-06,7646.87,6224.16,1422.71,3936.21,5563.19,-1626.98,,,
2021-08-07,5344.41,5899.33,-554.92,3864.15,4813.33,-949.18,,,
2021-08-09,8772.31,9574.82,-802.51,5390.91,5390.31,0.6,,,
2021-08-10,6583.35,6647.36,-64.01,5697.83,5866.02,-168.19,,,
2021-08-11,12747.47,13608.12,-860.65,6933.85,5022.08,1911.77,,,
2021-08-12,8150.87,8730.14,-579.27,7182.85,5447.35,1735.5,,,
2021-08-13,8016.33,7196.56,819.77,6104.54,5955.04,149.5,,,
2021-08-16,4271.83,5360.15,-1088.32,5203.45,4697.24,506.21,,,
2021-08-17,9253.8,9597.53,-343.73,5521.8,5255.37,266.43,,,
2021-08-18,9557.63,10152.95,-595.32,4726.39,5455.88,-729.49,,,
2021-08-20,10276.57,12563.6,-2287.03,6526.92,6407.62,119.3,,,
2021-08-23,7990.23,9353.59,-1363.36,6437.59,4985.08,1452.51,,,
2021-08-24,7371.72,9016.63,-1644.91,7418.2,5038.15,2380.05,,,
2021-08-25,6700.93,7772.76,-1071.83,4877.56,5028.95,-151.39,,,
2021-08-26,6663.43,8637.91,-1974.48,6544.18,5488.97,1055.21,,,
2021-08-27,7265.52,8044.27,-778.75,6055.14,4408.95,1646.19,,,
2021-08-30,8408.62,7205.81,1202.81,6678.62,5989.77,688.85,,,
2021-08-31,22832.93,18951.77,3881.16,5991.84,7864.24,-1872.4,,,
2021-09-02,11599.6,10298.95,1300.65,4649.82,6406.06,-1756.24,,,
2021-09-03,11281.25,8479.38,2801.87,6216.33,4966.11,1250.22,,,
2021-09-06,7088.53,7934.9,-846.37,5895.55,6167.25,-271.7,,,
2021-09-07,3852.21,4976.86,-1124.65,4360.25,4253.7,106.55,,,
2021-09-08,6240.73,6028.82,211.91,4657.93,5374.08,-716.15,,,
2021-09-09,10253.03,9829.59,423.44,5229.6,4525.39,704.21,,,
2021-09-11,7773.2,10218.45,-2445.25,7108.59,5690.96,1417.63,,,
2021-09-12,6194.93,7780.48,-1585.55,5623.94,4841.1,782.84,,,
2021-09-13,8682.14,7262.83,1419.31,4163.88,4723.47,-559.59,,,
2021-09-14,10755.82,9106.22,1649.6,5613.31,5923.62,-310.31,,,
2021-09-15,11172.43,10939.59,232.84,7452.63,7284.96,167.67,,,
2021-09-16,11766.93,10145.05,1621.88,6905.29,7700.42,-795.13,,,
2021-09-17,26776.57,25223.98,1552.59,8006.52,9405.07,-1398.55,,,
2021-09-20,7779.47,7686.93,92.54,6026.53,7653.11,-1626.58,,,
2021-09-21,8110.81,7068.89,1041.92,8010.59,5842.97,2167.62,,,
2021-09-22,7355.32,9298.58,-1943.26,7454.0,5603.98,1850.02,,,
2021-09-23,15839.77,15481.84,357.93,7976.47,6803.38,1173.09,,,
2021-09-24,11782.97,11340.48,442.49,7087.07,7602.92,-515.85,,,
2021-09-27,8019.79,8614.42,-594.63,6910.79,5513.1,1397.69,,,
2021-09-28,8825.85,10783.55,-1957.7,7926.05,7764.6,161.45,,,
2021-09-29,12949.38,14395.4,-1446.02,13948.96,10686.8,3262.16,,,
2021-09-30,10773.65,12999.25,-2225.6,6795.08,6697.9,97.18,,,
2021-10-02,9072.1,7285.13,1786.97,4749.91,6825.59,-2075.68,,,
2021-10-03,6534.99,6550.68,-15.69,4059.79,3612.12,447.67,,,
2021-10-05,6860.97,6277.28,583.69,5851.72,6327.98,-476.26,,,
2021-10-06,7447.97,6118.27,1329.7,4282.21,4857.4,-575.19,,,
2021-10-08,6674.19,6852.7,-178.51,6338.36,5649.36,689.0,,,
2021-10-11,9112.99,9582.49,-469.5,6903.17,6136.22,766.95,,,
2021-10-12,5595.06,6687.46,-1092.4,4477.51,4090.88,386.63,,,
2021-10-13,8528.34,7591.03,937.31,7681.34,8113.06,-431.72,,,
2021-10-14,10607.59,8925.99,1681.6,7706.79,9457.38,-1750.59,,,
2021-10-18,13343.73,12831.29,512.44,7720.49,9424.36,-1703.87,,,
2021-10-19,9298.03,9803.82,-505.79,5456.9,8035.12,-2578.22,,,
2021-10-20,15676.44,17519.53,-1843.09,7364.58,9045.31,-1680.73,,,
2021-10-21,11816.22,14635.12,-2818.9,8370.14,7941.69,428.45,,,
2021-10-22,5926.83,8624.53,-2697.7,8040.03,7010.06,1029.97,,,
2021-10-25,6854.2,9313.3,-2459.1,11137.25,8747.02,2390.23,,,
2021-10-26,7292.05,9660.71,-2368.66,8494.57,7109.16,1385.41,,,
2021-10-27,9323.8,11237.16,-1913.36,7986.46,7513.98,472.48,,,
2021-10-28,8215.03,12033.54,-3818.51,8311.63,7475.03,836.6,,,
2021-10-29,7303.32,12445.95,-5142.63,9716.1,5373.59,4342.51,,,
2021-11-01,9652.29,6513.39,3138.9,4496.85,7106.98,-2610.13,,,
2021-11-02,5627.71,4683.35,944.36,4271.11,4978.79,-707.68,,,
2021-11-05,6577.06,6913.06,-336.0,5172.16,5848.83,-676.67,,,
2021-11-06,5161.16,5142.52,18.64,5212.5,4546.14,666.36,,,
2021-11-08,7301.31,7063.17,238.14,6592.55,6386.27,206.28,,,
2021-11-10,13318.24,14621.46,-1303.22,6585.38,6958.66,-373.28,,,
2021-11-11,7188.28,8825.74,-1637.46,5429.96,4984.2,445.76,,,
2021-11-15,8557.01,8132.27,424.74,6336.76,4812.09,1524.67,,,
2021-11-16,9633.7,10194.37,-560.67,6404.64,5827.3,577.34,,,
2021-11-17,9321.89,9666.24,-344.35,5736.59,5797.73,-61.14,,,
2021-11-18,8781.77,12712.39,-3930.62,6846.1,4960.44,1885.66,,,
2021-11-22,11705.76,15144.52,-3438.76,7927.88,5876.7,2051.18,,,
2021-11-23,10101.07,14578.13,-4477.06,9030.24,7618.19,1412.05,,,
2021-11-24,9608.48,14731.13,-5122.65,7537.61,3727.99,3809.62,,,
2021-11-25,9017.44,11318.09,-2300.65,6056.57,4688.77,1367.8,,,
2021-11-26,6588.99,12374.82,-5785.83,9352.28,7058.17,2294.11,,,
2021-11-29,5625.13,8957.34,-3332.21,9527.82,4916.41,4611.41,,,
2021-11-30,42957.1,48402.35,-5445.25,11199.34,5849.11,5350.23,,,
2021-12-01,9354.82,8783.35,571.47,5556.61,6891.11,-1334.5,,,
2021-12-02,4252.21,4289.54,-37.33,3647.82,4245.44,-597.62,,,
2021-12-03,12080.56,13023.16,-942.6,4789.89,4953.76,-163.87,,,
2021-12-04,6519.91,8266.34,-1746.43,7165.01,6932.25,232.76,,,
2021-12-05,5312.0,6572.59,-1260.59,5372.26,6076.62,-704.36,,,
2021-12-07,8575.06,9321.03,-745.97,4188.51,3741.09,447.42,,,
2021-12-08,5690.17,5902.28,-212.11,5590.47,5282.72,307.75,,,
2021-12-10,7484.0,7762.32,-278.32,5976.21,6717.43,-741.22,,,
2021-12-11,10362.94,9851.84,511.1,6818.71,5967.3,851.41,,,
2021-12-13,7862.77,10606.21,-2743.44,6301.91,4950.88,1351.03,,,
2021-12-14,9498.29,10261.47,-763.18,5210.59,4785.16,425.43,,,
2021-12-15,5373.66,8780.7,-3407.04,5721.32,4168.31,1553.01,,,
2021-12-16,7439.82,8908.53,-1468.71,5426.59,3893.44,1533.15,,,
2021-12-17,13370.05,15439.95,-2069.9,9499.96,8021.44,1478.52,,,
2021-12-20,6744.39,10309.75,-3565.36,8746.23,5982.21,2764.02,,,
2021-12-21,5883.4,7093.22,-1209.82,6138.6,4733.71,1404.89,,,
2021-12-22,6162.32,6989.58,-827.26,5315.61,3722.2,1593.41,,,
2021-12-23,5415.35,5686.94,-271.59,5280.2,4083.72,1196.48,,,
2021-12-24,2360.05,3075.05,-715.0,3909.5,3952.74,-43.24,,,
2021-12-27,1996.94,3035.19,-1038.25,4016.54,3060.75,955.79,,,
2021-12-28,4761.39,4554.08,207.31,4112.0,3544.53,567.47,,,
2021-12-29,3417.8,4393.03,-975.23,5016.04,4009.11,1006.93,,,
2021-12-30,4512.12,5498.44,-986.32,9450.33,8872.59,577.74,,,
2021-12-31,4083.37,3507.98,575.39,4853.82,3688.2,1165.62,,,
2022-01-02,7145.99,7167.78,-21.79,7906.24,6308.54,1597.7,,,
2022-01-04,8279.77,6369.99,1909.78,5148.47,5332.26,-183.79,,,
2022-01-06,6446.02,8376.18,-1930.16,5457.08,4472.97,984.11,,,
2022-01-07,4979.59,7304.33,-2324.74,6588.46,5277.75,1310.71,,,
2022-01-08,16377.49,14056.88,2320.61,5331.92,6154.15,-822.23,,,
2022-01-13,7418.36,8809.21,-1390.85,7051.03,5985.71,1065.32,,,
2022-01-14,6143.95,7742.15,-1598.2,5560.51,5189.1,371.41,,,
2022-01-17,5792.76,6648.23,-855.47,5605.54,5720.85,-115.31,,,
2022-01-18,5409.34,6664.29,-1254.95,5794.75,6014.95,-220.2,,,
2022-01-19,7690.73,10395.5,-2704.77,7241.45,7436.52,-195.07,,,
2022-01-20,7974.39,12654.23,-4679.84,6385.75,5616.49,769.26,,,
2022-01-21,7564.37,10712.95,-3148.58,6930.43,6661.07,269.36,,,
2022-01-24,5030.52,8782.1,-3751.58,8243.09,8168.21,74.88,,,
2022-01-25,7357.33,14451.81,-7094.48,10764.4,6229.87,4534.53,,,
2022-01-27,11417.36,17684.11,-6266.75,10727.48,7846.16,2881.32,,,
2022-01-28,8222.94,13268.28,-5045.34,9617.43,6258.76,3358.67,,,
2022-01-31,6014.14,9638.62,-3624.48,9167.06,5518.41,3648.65,,,
2022-02-02,6001.43,6185.03,-183.6,7713.43,7287.47,425.96,,,
2022-02-03,12971.68,17310.62,-4338.94,10264.64,7202.94,3061.7,,,
2022-02-05,5041.77,6895.23,-1853.46,6621.75,4670.65,1951.1,,,
2022-02-06,7131.8,7583.62,-451.82,4677.17,4546.54,130.63,,,
2022-02-08,7526.33,6701.15,825.18,6208.86,6091.07,117.79,,,
2022-02-14,5457.75,9711.45,-4253.7,7698.04,5527.75,2170.29,,,
2022-02-15,6353.59,8652.35,-2298.76,8739.16,4327.56,4411.6,,,
2022-02-16,5879.05,7770.01,-1890.96,5334.3,4154.16,1180.14,,,
2022-02-17,6078.38,7320.48,-1242.1,4617.33,3716.23,901.1,,,
2022-02-18,4314.48,6844.44,-2529.96,4992.67,3063.59,1929.08,,,
2022-02-21,4160.37,6422.27,-2261.9,6187.26,3794.41,2392.85,,,
2022-02-22,8614.37,11859.89,-3245.52,8143.69,4035.11,4108.58,,,
2022-02-23,4623.64,8040.8,-3417.16,6892.39,3868.02,3024.37,,,
2022-02-24,9231.8,15680.04,-6448.24,14452.42,6784.67,7667.75,,,
2022-02-25,5690.93,10161.63,-4470.7,9655.31,5337.07,4318.24,,,
2022-02-28,14629.66,18578.13,-3948.47,9128.63,4985.81,4142.82,,,
2022-03-01,4226.3,3323.66,902.64,4815.58,4012.47,803.11,,,
2022-03-02,4630.52,6228.06,-1597.54,6089.96,6460.54,-370.58,,,
2022-03-03,7153.44,13798.09,-6644.65,11803.36,7004.12,4799.24,,,
2022-03-06,5804.83,9575.34,-3770.51,6890.49,4529.98,2360.51,,,
2022-03-08,10148.58,9383.41,765.17,5865.37,6383.79,-518.42,,,
2022-03-14,8151.62,8328.14,-176.52,6385.66,5287.04,1098.62,,,
2022-03-15,10225.3,11475.04,-1249.74,6957.09,6858.84,98.25,,,
2022-03-16,9098.13,8786.14,311.99,5206.82,4434.27,772.55,,,
2022-03-17,25393.17,22593.03,2800.14,7756.01,8434.46,-678.45,,,
2022-03-21,6838.69,9800.81,-2962.12,4611.3,4358.39,252.91,,,
2022-03-22,9858.98,9474.5,384.48,4499.91,5101.96,-602.05,,,
2022-03-23,10223.97,9742.64,481.33,4653.22,4947.45,-294.23,,,
2022-03-24,13101.11,14841.82,-1740.71,6980.92,4889.85,2091.07,,,
2022-03-25,6543.08,8050.45,-1507.37,5969.61,4596.59,1373.02,,,
2022-03-28,6114.46,6915.87,-801.41,5323.73,4162.03,1161.7,,,
2022-03-29,7360.87,7325.4,35.47,5860.54,4147.23,1713.31,,,
2022-03-30,10271.37,8913.9,1357.47,12848.14,11632.14,1216.0,,,
2022-03-31,12274.81,9186.08,3088.73,7944.47,6799.19,1145.28,,,
2022-04-01,5834.72,4560.86,1273.86,5250.38,4717.41,532.97,,,
2022-04-02,5377.41,7645.27,-2267.86,6196.26,5574.28,621.98,,,
2022-04-03,5996.25,13627.27,-7631.02,11668.66,6929.67,4738.99,,,
2022-04-04,7532.61,6380.4,1152.21,9883.2,8208.19,1675.01,,,
2022-04-05,17062.94,20351.12,-3288.18,6399.46,5061.46,1338.0,,,
2022-04-07,3981.28,6130.84,-2149.56,6461.14,4772.75,1688.39,,,
2022-04-08,8705.19,7230.42,1474.77,5255.26,5302.05,-46.79,,,
2022-04-13,5027.99,7089.03,-2061.04,6426.35,5015.5,1410.85,,,
2022-04-18,7589.12,13976.57,-6387.45,9637.18,6295.22,3341.96,,,
2022-04-19,9638.89,15510.58,-5871.69,10920.78,6939.97,3980.81,,,
2022-04-20,6339.45,9348.71,-3009.26,7915.34,5269.52,2645.82,,,
2022-04-21,9320.24,10033.93,-713.69,8635.07,5811.64,2823.43,,,
2022-04-22,7939.33,10401.05,-2461.72,6377.03,4774.68,1602.35,,,
2022-04-25,4932.28,8235.13,-3302.85,6432.06,4561.61,1870.45,,,
2022-04-26,7340.46,8514.51,-1174.05,6818.1,5174.26,1643.84,,,
2022-04-27,6385.59,10450.13,-4064.54,7425.48,5507.97,1917.51,,,
2022-04-28,12333.87,11590.65,743.22,5746.02,4965.08,780.94,,,
2022-04-29,9263.84,12912.14,-3648.3,8426.33,4936.03,3490.3,,,
2022-05-01,7610.53,7273.7,336.83,7001.1,5729.15,1271.95,,,
2022-05-04,7096.6,6721.71,374.89,6384.18,6278.76,105.42,,,
2022-05-05,5293.36,7368.1,-2074.74,7111.87,4882.56,2229.31,,,
2022-05-07,6675.59,5379.75,1295.84,5191.05,5448.64,-257.59,,,
2022-05-08,8348.69,6742.88,1605.81,7260.62,7756.56,-495.94,,,
2022-05-13,7660.72,11440.8,-3780.08,7960.57,4790.95,3169.62,,,
2022-05-16,4205.88,5994.81,-1788.93,4737.96,3309.57,1428.39,,,
2022-05-17,6128.11,8320.55,-2192.44,7315.14,5020.72,2294.42,,,
2022-05-18,8919.0,10173.64,-1254.64,5562.4,5186.79,375.61,,,
2022-05-19,6389.87,11289.79,-4899.92,7414.25,4188.71,3225.54,,,
2022-05-20,8550.14,9815.55,-1265.41,5724.32,3575.37,2148.95,,,
2022-05-23,7039.52,8990.69,-1951.17,6281.53,4836.14,1445.39,,,
2022-05-24,7947.05,10340.5,-2393.45,6171.84,4223.35,1948.49,,,
2022-05-25,6371.24,8174.3,-1803.06,7025.71,4795.89,2229.82,,,
2022-05-26,8248.29,9846.13,-1597.84,7535.24,4628.78,2906.46,,,
2022-05-27,4954.34,6897.44,-1943.1,6397.19,3669.72,2727.47,,,
2022-05-30,6853.96,6351.88,502.08,5979.06,4454.57,1524.49,,,
2022-05-31,45737.96,46741.52,-1003.56,8620.46,6775.31,1845.15,,,
2022-06-01,6563.72,8490.49,-1926.77,6661.19,5860.28,800.91,,,
2022-06-04,6324.77,8604.74,-2279.97,6961.91,6338.99,622.92,,,
2022-06-05,4525.89,10042.97,-5517.08,8522.04,5507.19,3014.85,,,
2022-06-06,4546.52,6944.17,-2397.65,5593.21,3653.21,1940.0,,,
2022-06-07,7355.76,7685.89,-330.13,7751.44,6287.11,1464.33,,,
2022-06-13,3927.38,8091.39,-4164.01,6969.98,4155.48,2814.5,,,
2022-06-14,4423.52,8925.77,-4502.25,7035.27,3227.67,3807.6,,,
2022-06-15,3943.45,7474.6,-3531.15,5417.16,2829.16,2588.0,,,
2022-06-16,4573.97,7831.62,-3257.65,6604.58,4675.44,1929.14,,,
2022-06-17,10292.63,18111.24,-7818.61,9889.7,3802.78,6086.92,,,
2022-06-20,4355.02,5572.14,-1217.12,6099.48,4006.09,2093.39,,,
2022-06-21,4617.83,7319.04,-2701.21,6527.22,3460.81,3066.41,,,
2022-06-22,4516.03,7436.64,-2920.61,4861.57,3002.5,1859.07,,,
2022-06-23,4603.67,6922.73,-2319.06,5620.06,3181.75,2438.31,,,
2022-06-24,4658.85,7012.62,-2353.77,5651.6,3438.16,2213.44,,,
2022-06-27,4539.25,5817.67,-1278.42,5101.29,3916.82,1184.47,,,
2022-06-28,5348.85,6593.29,-1244.44,5177.24,3971.61,1205.63,,,
2022-06-29,5946.83,6797.89,-851.06,8308.26,7460.8,847.46,,,
2022-06-30,9684.54,10822.59,-1138.05,6230.96,4852.76,1378.2,,,
2022-07-01,8183.82,7687.55,496.27,5718.29,5833.95,-115.66,,,
2022-07-02,6281.52,7438.75,-1157.23,4644.47,6020.96,-1376.49,,,
2022-07-03,7443.11,14925.19,-7482.08,13168.04,7837.01,5331.03,,,
2022-07-04,9346.3,14355.92,-5009.62,7676.3,5901.6,1774.7,,,
2022-07-06,5637.32,7931.3,-2293.98,5062.4,3751.26,1311.14,,,
2022-07-07,5847.89,6773.11,-925.22,6974.09,5993.5,980.59,,,
2022-07-13,5093.2,7932.72,-2839.52,6217.62,4418.4,1799.22,,,
2022-07-14,7139.02,6829.96,309.06,4224.29,4780.69,-556.4,,,
2022-07-15,5300.67,6950.03,-1649.36,5278.66,4219.2,1059.46,,,
2022-07-18,15055.01,14898.93,156.08,6273.77,5429.44,844.33,,,
2022-07-19,6177.59,5201.19,976.4,5085.73,5186.46,-100.73,,,
2022-07-20,7606.04,5825.1,1780.94,6032.73,6262.95,-230.22,,,
2022-07-21,8279.42,6480.1,1799.32,5071.58,5383.87,-312.29,,,
2022-07-22,5335.17,6010.62,-675.45,5072.01,4332.63,739.38,,,
2022-07-25,13602.03,14446.81,-844.78,5270.58,5342.84,-72.26,,,
2022-07-26,4031.75,5580.04,-1548.29,6428.26,5428.9,999.36,,,
2022-07-27,4940.81,5377.62,-436.81,5448.69,4736.66,712.03,,,
2022-07-28,7300.21,5662.52,1637.69,6941.15,6340.86,600.29,,,
2022-07-29,8531.17,7484.85,1046.32,6720.39,6721.3,-0.91,,,
2022-08-02,7225.08,9192.97,-1967.89,6674.2,5559.2,1115.0,,,
2022-08-03,8283.13,16425.73,-8142.6,12923.51,6433.92,6489.59,,,
2022-08-04,9818.98,10394.02,-575.04,8191.28,8207.79,-16.51,,,
2022-08-06,5468.82,7953.07,-2484.25,5508.57,3604.24,1904.33,,,
2022-08-07,6319.87,6429.18,-109.31,5321.64,5287.03,34.61,,,
2022-08-08,15834.69,14384.99,1449.7,5126.3,5267.03,-140.73,,,
2022-08-16,19799.1,18422.26,1376.84,5260.39,5396.63,-136.24,,,
2022-08-17,8665.91,6318.69,2347.22,5729.84,6240.07,-510.23,,,
2022-08-18,8396.74,10102.74,-1706.0,7491.59,7020.8,470.79,,,
2022-08-19,7018.49,5907.59,1110.9,5683.42,7316.63,-1633.21,,,
2022-08-22,6625.43,7079.2,-453.77,6533.57,6618.63,-85.06,,,
2022-08-23,7652.45,7089.45,563.0,5575.9,5791.1,-215.2,,,
2022-08-24,7251.04,7227.85,23.19,4986.06,5308.4,-322.34,,,
2022-08-25,6813.77,6444.71,369.06,5678.3,6012.61,-334.31,,,
2022-08-26,6125.88,6177.0,-51.12,5408.57,4954.98,453.59,,,
2022-08-29,5253.27,5814.49,-561.22,6370.85,6226.77,144.08,,,
2022-08-30,16145.25,11979.39,4165.86,6519.54,7176.26,-656.72,,,
2022-09-02,6152.38,7045.02,-892.64,7021.37,5228.02,1793.35,,,
2022-09-03,9370.8,14189.51,-4818.71,11078.08,7802.14,3275.94,,,
2022-09-05,5342.44,8704.24,-3361.8,7729.78,4652.54,3077.24,,,
2022-09-06,6196.55,7709.19,-1512.64,5297.49,3672.59,1624.9,,,
2022-10-01,7981.58,8105.81,-124.23,6150.78,5669.23,481.55,,,
2022-10-02,8660.61,10393.19,-1732.58,7853.15,5125.92,2727.23,,,
2022-10-03,10686.06,12667.21,-1981.15,9273.55,8327.84,945.71,,,
2022-10-05,6100.07,10060.66,-3960.59,7570.91,4612.51,2958.4,,,
2022-10-06,4287.93,8261.88,-3973.95,6105.56,3274.49,2831.07,,,
2022-10-08,9357.94,8296.06,1061.88,5466.36,6234.81,-768.45,,,
2022-11-01,7759.53,7647.62,111.91,5790.38,5411.64,378.74,,,
2022-11-02,9754.86,9646.33,108.53,5537.23,6234.13,-696.9,,,
2022-11-03,6250.92,8514.82,-2263.9,6786.33,5099.48,1686.85,,,
2022-11-04,5921.1,7066.3,-1145.2,5873.7,6360.2,-486.5,,,
2022-11-05,5988.39,9597.74,-3609.35,8400.88,4219.68,4181.2,,,
2022-11-07,5294.47,5464.98,-170.51,4558.1,4855.09,-296.99,,,
2022-11-08,9030.9,6732.82,2298.08,5758.11,6487.67,-729.56,,,
2022-12-01,6981.26,7982.83,-1001.57,7458.25,6126.24,1332.01,,,
2022-12-04,7047.27,10175.66,-3128.39,6629.33,5759.32,870.01,,,
2022-12-05,6018.03,11273.78,-5255.75,9487.39,4671.75,4815.64,,,
2022-12-07,4650.66,6216.34,-1565.68,3493.93,3353.22,140.71,,,
2022-12-08,8260.13,5219.67,3040.46,5752.42,6591.87,-839.45,,,
