MONTH,FII (INR Crore),,,DII (INR Crore),,,NIFTY
,Buy Amount,Sell Amount,Net Amount,Buy Amount,Sell Amount,Net Amount,
Apr 2026,303387.09,373522.55,-70135.46,377771.28,326707.41,51063.87,"23997.55(30 Apr, 2026)"
"30 Apr, 2026",15049.55,23097.41,-8047.86,18252.89,14765.79,3487.1,23997.55-180.1 (-0.74%)
"29 Apr, 2026",14271.22,16739.64,-2468.42,17232.28,14970.11,2262.17,24177.65181.95 (0.76%)
"28 Apr, 2026",17231.5,19335.24,-2103.74,18044.05,16332.04,1712.01,23995.7-97 (-0.4%)
"27 Apr, 2026",30263.32,31414.8,-1151.48,19978.34,15854.42,4123.92,24092.7194.75 (0.81%)
"24 Apr, 2026",9837.2,18665.07,-8827.87,21560.16,16859.45,4700.71,23897.95-275.1 (-1.14%)
"23 Apr, 2026",12829.12,16083.83,-3254.71,18498.19,17556.84,941.35,24173.05-205.05 (-0.84%)
"22 Apr, 2026",13895.07,15973.43,-2078.36,18704.25,19752.42,-1048.17,24378.1-198.5 (-0.81%)
"21 Apr, 2026",13033.17,14952.16,-1918.99,18366.67,16145.4,2221.27,24576.6211.75 (0.87%)
"20 Apr, 2026",12756.88,13816.81,-1059.93,18753.06,15786.17,2966.89,24364.8511.3 (0.05%)
"17 Apr, 2026",16034.88,15351.68,683.2,17513.99,22235.47,-4721.48,24353.55156.8 (0.65%)
"16 Apr, 2026",16209.44,15827.08,382.36,16538.08,19965.83,-3427.75,24196.75-34.55 (-0.14%)
"15 Apr, 2026",18075.63,17409.48,666.15,18499.57,19068.55,-568.98,24231.3388.65 (1.63%)
"13 Apr, 2026",15382.09,17365.27,-1983.18,16612.03,14179.73,2432.3,23842.65-207.95 (-0.86%)
"10 Apr, 2026",18303.96,17631.87,672.09,15982.46,15572.41,410.05,24050.6275.5 (1.16%)
"09 Apr, 2026",15746.32,17457.51,-1711.19,15968.21,15012.31,955.9,23775.1-222.25 (-0.93%)
"08 Apr, 2026",19092.05,21904.02,-2811.97,29003.39,24835.22,4168.17,23997.35873.7 (3.78%)
"07 Apr, 2026",7953.46,16645.57,-8692.11,20860.09,12880.59,7979.5,23123.65155.4 (0.68%)
"06 Apr, 2026",8837.64,17004.81,-8167.17,20445.57,12356.87,8088.7,22968.25255.15 (1.12%)
"02 Apr, 2026",10626.52,20557.65,-9931.13,18421.27,11212.86,7208.41,22713.133.7 (0.15%)
"01 Apr, 2026",17958.07,26289.22,-8331.15,18536.73,11364.93,7171.8,22679.4348 (1.56%)
,,,,,,,
,,,,,,,
,,,,,,,
Mar 2026,278800.39,401340.8,-122540.41,414657.07,271696.7,142960.37,"22331.4(30 Mar, 2026)"
"30 Mar, 2026",21952.95,33116.01,-11163.06,26358.5,11463.78,14894.72,22331.4-488.2 (-2.14%)
"27 Mar, 2026",20486.39,24853.69,-4367.3,37579.14,34012.99,3566.15,22819.6-486.85 (-2.09%)
"25 Mar, 2026",14547.7,16353.07,-1805.37,22921.89,17492.11,5429.78,23306.45394.05 (1.72%)
"24 Mar, 2026",12406.9,20416.46,-8009.56,21126.99,15259.84,5867.15,22912.4399.75 (1.78%)
"23 Mar, 2026",10330.98,20745.21,-10414.23,25952.98,13919.01,12033.97,22512.65-601.85 (-2.6%)
"20 Mar, 2026",28496.17,34014.56,-5518.39,22938.31,17232.08,5706.23,23114.5112.35 (0.49%)
"19 Mar, 2026",10012.07,17570.26,-7558.19,16926.98,13063.02,3863.96,23002.15-775.65 (-3.26%)
"18 Mar, 2026",12798.8,15513.15,-2714.35,16105.2,12852.17,3253.03,23777.8196.65 (0.83%)
"17 Mar, 2026",11903.71,16644.93,-4741.22,16762.65,11537.33,5225.32,23581.15172.35 (0.74%)
"16 Mar, 2026",11566.51,20932.03,-9365.52,25150.41,12557.05,12593.36,23408.8257.7 (1.11%)
"13 Mar, 2026",11923.16,22639.8,-10716.64,22707.84,12730.42,9977.42,23151.1-488.05 (-2.06%)
"12 Mar, 2026",15373.05,22422.92,-7049.87,19439.56,11989.79,7449.77,23639.15-227.7 (-0.95%)
"11 Mar, 2026",11448.68,17715.99,-6267.31,16044.16,11078.63,4965.53,23866.85-394.75 (-1.63%)
"10 Mar, 2026",13188.32,17860.96,-4672.64,17202.49,10869.23,6333.26,24261.6233.55 (0.97%)
"09 Mar, 2026",11156.99,17502.56,-6345.57,21586.46,12572.66,9013.8,24028.05-422.4 (-1.73%)
"06 Mar, 2026",14434.69,20465.07,-6030.38,19662.38,12690.87,6971.51,24450.45-315.45 (-1.27%)
"05 Mar, 2026",14914.99,18667.51,-3752.52,18821.1,13667.73,5153.37,24765.9285.4 (1.17%)
"04 Mar, 2026",19120.99,27873.64,-8752.65,26259.37,14191.2,12068.17,24480.5-385.2 (-1.55%)
"02 Mar, 2026",12737.34,16032.98,-3295.64,21110.66,12516.79,8593.87,24865.7-312.95 (-1.24%)
,,,,,,,
"27 Feb, 2026",36699.66,44236.02,-7536.36,24867.72,12574.91,12292.81,25178.65-317.9 (-1.25%)
"26 Feb, 2026",14607.9,18073.89,-3465.99,19242.72,14211.15,5031.57,25496.5514.05 (0.06%)
"25 Feb, 2026",30369.48,27377.84,2991.64,18346.49,13227.92,5118.57,25482.557.85 (0.23%)
"24 Feb, 2026",20550.91,20653.44,-102.53,18580.96,15419.74,3161.22,25424.65-288.35 (-1.12%)
"23 Feb, 2026",15294.02,11810.32,3483.7,12360.86,13653.1,-1292.24,25713141.75 (0.55%)
"20 Feb, 2026",10010.06,10944.67,-934.61,14901.9,12264.75,2637.15,25571.25116.9 (0.46%)
"19 Feb, 2026",8614.9,9495.39,-880.49,11483.86,12080.14,-596.28,25454.35-365 (-1.41%)
"18 Feb, 2026",9720.92,8566.58,1154.34,12143.76,11703.42,440.34,25819.3593.95 (0.37%)
"17 Feb, 2026",8867.62,7872.41,995.21,12482.64,12295.6,187.04,25725.442.65 (0.17%)
"16 Feb, 2026",9169.39,10141.52,-972.13,13121.31,11454.33,1666.98,25682.75211.65 (0.83%)
"13 Feb, 2026",14586.73,21982.14,-7395.41,20605.87,15051.91,5553.96,25471.1-336.1 (-1.3%)
"12 Feb, 2026",17949.52,17841.1,108.42,17213.85,16937,276.85,25807.2-146.65 (-0.57%)
"11 Feb, 2026",16858.63,15914.82,943.81,14281.26,14406.62,-125.36,25953.8518.7 (0.07%)
"10 Feb, 2026",16699.82,16630.37,69.45,15262.9,14088.69,1174.21,25935.1567.85 (0.26%)
"09 Feb, 2026",16066.13,13811.49,2254.64,13572.99,13568.84,4.15,25867.3173.6 (0.68%)
"06 Feb, 2026",16718.66,14767.89,1950.77,13215.74,14480.8,-1265.06,25693.750.9 (0.2%)
"05 Feb, 2026",14630.07,16780.58,-2150.51,15182.18,14052.36,1129.82,25642.8-133.2 (-0.52%)
"04 Feb, 2026",18453.01,18423.22,29.79,18631.78,18382.24,249.54,2577648.45 (0.19%)
"03 Feb, 2026",27677.68,22441.4,5236.28,28206.21,27191.97,1014.24,25727.55639.15 (2.55%)
"02 Feb, 2026",15172.55,17005.01,-1832.46,18626.43,16180.1,2446.33,25088.4262.95 (1.06%)
"01 Feb, 2026",598.29,1186.63,-588.34,14390.79,15073.52,-682.73,24825.45-495.2 (-1.96%)
,,,,,,,
"30 Jan, 2026",30492.98,28241.61,2251.37,18590.13,19191.16,-601.03,25320.65-98.25 (-0.39%)
"29 Jan, 2026",20212.73,20606.7,-393.97,24423.89,21785.13,2638.76,25418.976.15 (0.3%)
"28 Jan, 2026",21044.5,20564.24,480.26,19578.39,16217.8,3360.59,25342.75167.35 (0.66%)
"27 Jan, 2026",29666.67,32735.16,-3068.49,23929.34,14929.63,8999.71,25175.4126.75 (0.51%)
"23 Jan, 2026",13550.25,17663.63,-4113.38,18258.75,14156.19,4102.56,25048.65-241.25 (-0.95%)
"22 Jan, 2026",16873.2,19423,-2549.8,17537.49,13314.51,4222.98,25289.9132.4 (0.53%)
"21 Jan, 2026",15370.98,17158.64,-1787.66,17387.34,12866.87,4520.47,25157.5-75 (-0.3%)
"20 Jan, 2026",14215.11,17153.44,-2938.33,18529.36,14863.67,3665.69,25232.5-353 (-1.38%)
"19 Jan, 2026",12379.75,15642.57,-3262.82,17887.61,13653.31,4234.3,25585.5-108.85 (-0.42%)
"16 Jan, 2026",20159.84,24505.97,-4346.13,19135.42,15200.11,3935.31,25694.3528.75 (0.11%)
"14 Jan, 2026",13121.23,17902.47,-4781.24,19930.32,14713.04,5217.28,25665.6-66.7 (-0.26%)
"13 Jan, 2026",11994.92,13494.73,-1499.81,15445.22,14263.44,1181.78,25732.3-57.95 (-0.22%)
"12 Jan, 2026",9071.61,12710.01,-3638.4,16985.9,11146.58,5839.32,25790.25106.95 (0.42%)
"09 Jan, 2026",11093.29,14862.6,-3769.31,18481.07,12885.23,5595.84,25683.3-193.55 (-0.75%)
"08 Jan, 2026",11090.27,14457.39,-3367.12,18707.23,15006.06,3701.17,25876.85-263.9 (-1.01%)
"07 Jan, 2026",14663.53,16191.24,-1527.71,18364.76,15475.44,2889.32,26140.75-37.95 (-0.14%)
"06 Jan, 2026",15061.18,15168.81,-107.63,17240.41,15491.06,1749.35,26178.7-71.6 (-0.27%)
"05 Jan, 2026",11277.44,11313.69,-36.25,15565.79,13801.72,1764.07,26250.3-78.25 (-0.3%)
"02 Jan, 2026",7850.45,7560.65,289.8,15349.56,14672.18,677.38,26328.55182 (0.7%)
"01 Jan, 2026",1067.64,4336.24,-3268.6,13045.31,11519.42,1525.89,26146.5516.95 (0.06%)
,,,,,,,
,,,,,,,
,,,,,,,
,,,,,,,
,,,,,,,
"31 Dec, 2025",5322.52,8919.9,-3597.38,19462.99,12703.35,6759.64,26129.6190.75 (0.74%)
"30 Dec, 2025",16253.99,20098.01,-3844.02,44583.09,38423.28,6159.81,25938.85-3.25 (-0.01%)
"29 Dec, 2025",6435.17,9195.06,-2759.89,15403.18,12759.33,2643.85,25942.1-100.2 (-0.38%)
"26 Dec, 2025",12832.34,13149.9,-317.56,9980.68,8208.12,1772.56,26042.3-99.8 (-0.38%)
"24 Dec, 2025",5071.31,6792.57,-1721.26,11850.05,9468.71,2381.34,26142.1-35.05 (-0.13%)
"23 Dec, 2025",7035.26,8830.06,-1794.8,11906.43,8094.06,3812.37,26177.154.75 (0.02%)
"22 Dec, 2025",10713.52,11170.86,-457.34,15295.92,11237.7,4058.22,26172.4206 (0.79%)
"19 Dec, 2025",27447.95,25617.06,1830.89,23097.51,17374.62,5722.89,25966.4150.85 (0.58%)
"18 Dec, 2025",11442.37,10846.59,595.78,12375.71,9675.35,2700.36,25815.55-3 (-0.01%)
"17 Dec, 2025",12801.81,11630.1,1171.71,10752.75,9983.81,768.94,25818.55-41.55 (-0.16%)
"16 Dec, 2025",10464.52,12846.44,-2381.92,12488.98,11411.5,1077.48,25860.1-167.2 (-0.64%)
"15 Dec, 2025",8609.68,10078,-1468.32,11749.18,9956.93,1792.25,26027.3-19.65 (-0.08%)
"12 Dec, 2025",10979.8,12094.02,-1114.22,15616.98,11748.04,3868.94,26046.95148.4 (0.57%)
"11 Dec, 2025",7534.15,9555.09,-2020.94,13196.12,9400.05,3796.07,25898.55140.55 (0.55%)
"10 Dec, 2025",11700.44,13351.5,-1651.06,16868.94,13116.63,3752.31,25758-81.65 (-0.32%)
"09 Dec, 2025",13604.94,17365.02,-3760.08,17438.88,11213.99,6224.89,25839.65-120.9 (-0.47%)
"08 Dec, 2025",12500.23,13155.82,-655.59,16883.41,14340.92,2542.49,25960.55-225.9 (-0.86%)
"05 Dec, 2025",11456.36,11895.26,-438.9,16057.87,11868.7,4189.17,26186.45152.7 (0.59%)
"04 Dec, 2025",11500.09,13444.28,-1944.19,16489.46,12828.41,3661.05,26033.7547.75 (0.18%)
"03 Dec, 2025",11134.97,14341.89,-3206.92,17188.06,12457.65,4730.41,25986-46.2 (-0.18%)
"02 Dec, 2025",15234.08,18876.38,-3642.3,15194.77,10548.83,4645.94,26032.2-143.55 (-0.55%)
"01 Dec, 2025",8979.4,10150.71,-1171.31,13024.65,10465.72,2558.93,26175.75-27.2 (-0.1%)
,,,,,,,
"28 Nov, 2025",10174.58,13970.3,-3795.72,14627.36,10478.88,4148.48,26202.95-12.6 (-0.05%)
"27 Nov, 2025",10262.02,11517.22,-1255.2,15558.92,11618.05,3940.87,26215.5510.25 (0.04%)
"26 Nov, 2025",16232.14,11454.11,4778.03,16334.09,10086.16,6247.93,26205.3320.5 (1.24%)
"25 Nov, 2025",16596.24,15810.92,785.32,15153.03,11240.56,3912.47,25884.8-74.7 (-0.29%)
"24 Nov, 2025",54504.95,58676.7,-4171.75,20445.48,15932.61,4512.87,25959.5-108.65 (-0.42%)
"21 Nov, 2025",14585.86,16351.91,-1766.05,14908.67,11747.06,3161.61,26068.15-124 (-0.47%)
"20 Nov, 2025",14769.74,14486.09,283.65,13051.84,12227.38,824.46,26192.15139.5 (0.54%)
"19 Nov, 2025",14774.92,13194.2,1580.72,13904.32,12544.05,1360.27,26052.65142.6 (0.55%)
"18 Nov, 2025",17071.04,17799.86,-728.82,18246.17,12089.34,6156.83,25910.05-103.4 (-0.4%)
"17 Nov, 2025",13339.02,12896.85,442.17,12975.94,11510.08,1465.86,26013.45103.4 (0.4%)
"14 Nov, 2025",12383.76,17351.98,-4968.22,24572.09,16110.62,8461.47,25910.0530.9 (0.12%)
"13 Nov, 2025",14902.63,15286.31,-383.68,16036.19,12944.32,3091.87,25879.153.35 (0.01%)
"12 Nov, 2025",15594.07,17344.1,-1750.03,18311.8,13184.68,5127.12,25875.8180.85 (0.7%)
"11 Nov, 2025",14487.4,15290.62,-803.22,14832.97,12644.5,2188.47,25694.95120.6 (0.47%)
"10 Nov, 2025",9803.52,13918.37,-4114.85,18933.97,13128.71,5805.26,25574.3582.05 (0.32%)
"07 Nov, 2025",18485.25,13903.91,4581.34,19470.01,12795.24,6674.77,25492.3-17.4 (-0.07%)
"06 Nov, 2025",16791.16,20054.37,-3263.21,19418.5,14134.59,5283.91,25509.7-87.95 (-0.34%)
"04 Nov, 2025",13187.05,14254.06,-1067.01,15835.4,14632.5,1202.9,25597.65-165.7 (-0.64%)
"03 Nov, 2025",9628.24,11512.02,-1883.78,15519.96,12003.6,3516.36,25763.3541.25 (0.16%)
,,,,,,,
"31 Oct, 2025",11531.75,18301.09,-6769.34,18633.9,11565.46,7068.44,25722.1-155.75 (-0.6%)
"30 Oct, 2025",9350.07,12427.66,-3077.59,14826.52,12357.18,2469.34,25877.85-176.05 (-0.68%)
"29 Oct, 2025",10190.59,12730.75,-2540.16,19535.44,13842.63,5692.81,26053.9117.7 (0.45%)
"28 Oct, 2025",28174.82,17835.02,10339.8,16103.72,15022.17,1081.55,25936.2-29.85 (-0.11%)
"27 Oct, 2025",11823.35,11878.93,-55.58,14602.2,12110.08,2492.12,25966.05170.9 (0.66%)
"24 Oct, 2025",11768.28,11146.77,621.51,12475.77,12302.64,173.13,25795.15-96.25 (-0.37%)
"23 Oct, 2025",20477.78,21643.72,-1165.94,19247.94,15354.21,3893.73,25891.422.8 (0.09%)
"20 Oct, 2025",11786.33,10995.88,790.45,15690.37,13204.91,2485.46,25843.15133.3 (0.52%)
"17 Oct, 2025",14505.27,14196.29,308.98,16860.39,15333.78,1526.61,25709.85124.55 (0.49%)
"16 Oct, 2025",14739.14,13741.85,997.29,19840.85,15764.65,4076.2,25585.3261.75 (1.03%)
"15 Oct, 2025",14013.54,13944.9,68.64,16214.69,11564.61,4650.08,25323.55178.05 (0.71%)
"14 Oct, 2025",10847.86,12356.39,-1508.53,16384.5,12723.37,3661.13,25145.5-81.85 (-0.32%)
"13 Oct, 2025",8085.41,8325.51,-240.1,14960.78,12627.36,2333.42,25227.35-58 (-0.23%)
"10 Oct, 2025",10236.07,9776.87,459.2,12760.06,11052.23,1707.83,25285.35103.55 (0.41%)
"09 Oct, 2025",10907.48,9599.32,1308.16,12577.04,11712.68,864.36,25181.8135.65 (0.54%)
"08 Oct, 2025",10286.98,10205.7,81.28,11733.48,11403.52,329.96,25046.15-62.15 (-0.25%)
"07 Oct, 2025",11542.97,10102.31,1440.66,15953.11,15500.54,452.57,25108.330.65 (0.12%)
"06 Oct, 2025",10950.18,11263.95,-313.77,16124.47,11088.08,5036.39,25077.65183.4 (0.74%)
"03 Oct, 2025",16898.78,18482.15,-1583.37,14005.39,13515.63,489.76,24894.2557.95 (0.23%)
"01 Oct, 2025",12378.32,13983.52,-1605.2,15383.78,12467.64,2916.14,24836.3225.2 (0.92%)
,,,,,,,
"30 Sep, 2025",18729.97,21057.06,-2327.09,16948.64,11187.01,5761.63,24611.1-23.8 (-0.1%)
"29 Sep, 2025",17421.42,20253.01,-2831.59,40256.98,36411.11,3845.87,24634.9-19.8 (-0.08%)
"26 Sep, 2025",10751.34,16438.92,-5687.58,17766.67,11923.46,5843.21,24654.7-236.15 (-0.95%)
"25 Sep, 2025",15079.55,20074.97,-4995.42,15515.7,10412.69,5103.01,24890.85-166.05 (-0.66%)
"24 Sep, 2025",11089.16,13514.91,-2425.75,12632.38,11420.7,1211.68,25056.9-112.6 (-0.45%)
"23 Sep, 2025",12222.3,15773.49,-3551.19,13525.73,10854.86,2670.87,25169.5-32.85 (-0.13%)
"22 Sep, 2025",9544.69,12454.78,-2910.09,12715.96,10133.33,2582.63,25202.35-124.7 (-0.49%)
"19 Sep, 2025",37090.98,36700.24,390.74,14840.35,12735.13,2105.22,25327.05-96.55 (-0.38%)
"18 Sep, 2025",11838.11,11471.42,366.69,14451.22,11124.66,3326.56,25423.693.35 (0.37%)
"17 Sep, 2025",11509.41,12633.95,-1124.54,13719.48,11425.95,2293.53,25330.2591.15 (0.36%)
"16 Sep, 2025",11942.44,11634.12,308.32,11643.46,10124.73,1518.73,25239.1169.9 (0.68%)
"15 Sep, 2025",8169.16,9437.75,-1268.59,10173.17,8239.84,1933.33,25069.2-44.8 (-0.18%)
"12 Sep, 2025",11094.18,10964.6,129.58,11675.26,10119.24,1556.02,25114108.5 (0.43%)
"11 Sep, 2025",10008.75,13481.12,-3472.37,14831.21,10785.67,4045.54,25005.532.4 (0.13%)
"10 Sep, 2025",12603.53,12719.22,-115.69,16276.75,11272.46,5004.29,24973.1104.5 (0.42%)
"09 Sep, 2025",11896.67,9846.21,2050.46,10422.84,10339.76,83.08,24868.695.45 (0.39%)
"08 Sep, 2025",8228.52,10398.87,-2170.35,11080.7,8066.4,3014.3,24773.1532.15 (0.13%)
"05 Sep, 2025",8096.45,9401.36,-1304.91,10633.48,8812.25,1821.23,247416.7 (0.03%)
"04 Sep, 2025",12262.84,12369.18,-106.34,16588.04,14354.95,2233.09,24734.319.25 (0.08%)
"03 Sep, 2025",10784.27,12450.73,-1666.46,14834.78,12339.45,2495.33,24715.05135.45 (0.55%)
"02 Sep, 2025",8939.36,10098.84,-1159.48,12904.06,10354.55,2549.51,24579.6-45.45 (-0.18%)
"01 Sep, 2025",9540.36,10970.07,-1429.71,13314.23,8969.3,4344.93,24625.05198.2 (0.81%)
,,,,,,,
"29 Aug, 2025",9679.99,17992.65,-8312.66,20676.78,9189.14,11487.64,24426.85-74.05 (-0.3%)
"28 Aug, 2025",17742.69,21599.2,-3856.51,17391.44,10471.1,6920.34,24500.9-211.15 (-0.85%)
"26 Aug, 2025",44146.8,50663.29,-6516.49,22000.77,14940.4,7060.37,24712.05-255.7 (-1.02%)
"25 Aug, 2025",9951.36,12417.6,-2466.24,13371.09,10194.4,3176.69,24967.7597.65 (0.39%)
"22 Aug, 2025",10179.18,11801.7,-1622.52,10106.92,10436.17,-329.25,24870.1-213.65 (-0.85%)
"21 Aug, 2025",14960.14,13713.63,1246.51,14514.86,11968.59,2546.27,25083.7533.2 (0.13%)
"20 Aug, 2025",11599.55,12699.64,-1100.09,14464.24,12657.9,1806.34,25050.5569.9 (0.28%)
"19 Aug, 2025",12604.01,13238.27,-634.26,11880.89,9619.83,2261.06,24980.65103.7 (0.42%)
"18 Aug, 2025",20070.25,19519.4,550.85,18649.74,14545.93,4103.81,24876.95245.65 (1%)
"14 Aug, 2025",13646.01,15572.77,-1926.76,13144.45,9248.77,3895.68,24631.311.95 (0.05%)
"13 Aug, 2025",11350.06,14994.49,-3644.43,13982.46,8358.67,5623.79,24619.35131.95 (0.54%)
"12 Aug, 2025",9532.22,12931.02,-3398.8,11888.48,8380.55,3507.93,24487.4-97.65 (-0.4%)
"11 Aug, 2025",9477.3,10679.95,-1202.65,15109.07,9136.71,5972.36,24585.05221.75 (0.91%)
"08 Aug, 2025",17682.11,15749.3,1932.81,16682.09,8958.43,7723.66,24363.3-232.85 (-0.95%)
"07 Aug, 2025",10567.78,15564.97,-4997.19,19629.64,8765.6,10864.04,24596.1521.95 (0.09%)
"06 Aug, 2025",11242.19,16241.29,-4999.1,16760.64,9966.36,6794.28,24574.2-75.35 (-0.31%)
"05 Aug, 2025",15251.29,15273.77,-22.48,14250.99,10410.6,3840.39,24649.55-73.2 (-0.3%)
"04 Aug, 2025",9014.97,11581.48,-2566.51,14068.4,9682.11,4386.29,24722.75157.4 (0.64%)
"01 Aug, 2025",9379.46,12745.86,-3366.4,14990.14,11803.28,3186.86,24565.35-203 (-0.82%)
,,,,,,,
"31 Jul, 2025",16819.69,22408.6,-5588.91,17465.71,11093,6372.71,24768.35-86.7 (-0.35%)
"30 Jul, 2025",11888.17,12738.21,-850.04,12890.19,11061.08,1829.11,24855.0533.95 (0.14%)
"29 Jul, 2025",11512.19,16148.79,-4636.6,16166.18,10019.36,6146.82,24821.1140.2 (0.57%)
"28 Jul, 2025",9993.78,16076.25,-6082.47,15799.53,9034.98,6764.55,24680.9-156.1 (-0.63%)
"25 Jul, 2025",12831.79,14811.75,-1979.96,12786.65,10648.06,2138.59,24837-225.1 (-0.9%)
"24 Jul, 2025",13725.46,15859.15,-2133.69,13507.17,10890.03,2617.14,25062.1-157.8 (-0.63%)
"23 Jul, 2025",14475.5,18684.61,-4209.11,15146.43,10787.91,4358.52,25219.9159 (0.63%)
"22 Jul, 2025",12804.14,16353.06,-3548.92,16673.37,11433.6,5239.77,25060.9-29.8 (-0.12%)
"21 Jul, 2025",10823.67,12504.9,-1681.23,13793.86,10215.43,3578.43,25090.7122.3 (0.49%)
"18 Jul, 2025",15430.85,15056.11,374.74,14451.18,12347.67,2103.51,24968.4-143.05 (-0.57%)
"17 Jul, 2025",11633.02,15327.33,-3694.31,13523.36,10702.59,2820.77,25111.45-100.6 (-0.4%)
"16 Jul, 2025",11002.49,12860.64,-1858.15,12786.44,11562.89,1223.55,25212.0516.25 (0.06%)
"15 Jul, 2025",11553.04,11432.57,120.47,13710.83,12155.8,1555.03,25195.8113.5 (0.45%)
"14 Jul, 2025",17054.46,18668.78,-1614.32,14561.52,12773.84,1787.68,25082.3-67.55 (-0.27%)
"11 Jul, 2025",11998.56,17102.78,-5104.22,15728.51,12169.88,3558.63,25149.85-205.4 (-0.81%)
"10 Jul, 2025",11829.26,11608.2,221.06,12468.8,11877.47,591.33,25355.25-120.85 (-0.47%)
"09 Jul, 2025",12930.71,12853.71,77,13350.22,12429.39,920.83,25476.1-46.4 (-0.18%)
"08 Jul, 2025",12167.19,12193.31,-26.12,13275.91,11909.09,1366.82,25522.561.2 (0.24%)
"07 Jul, 2025",8962.48,8641.32,321.16,11129.04,9275.65,1853.39,25461.30.3 (0%)
"04 Jul, 2025",7517.79,8277.9,-760.11,10305.48,11334.32,-1028.84,2546155.7 (0.22%)
"03 Jul, 2025",11672.96,13154.15,-1481.19,12690.4,11357.34,1333.06,25405.3-48.1 (-0.19%)
"02 Jul, 2025",13954.4,15516.02,-1561.62,16695.01,13658.33,3036.68,25453.4-88.4 (-0.35%)
"01 Jul, 2025",11556.94,13527.08,-1970.14,12921.96,12150.88,771.08,25541.824.75 (0.1%)
,,,,,,,
"30 Jun, 2025",12967.6,13799.1,-831.5,15914.52,12417.08,3497.44,25517.05-120.75 (-0.47%)
"27 Jun, 2025",19740.81,18343.79,1397.02,41201.99,41790.92,-588.93,25637.888.8 (0.35%)
"26 Jun, 2025",32020.06,19425.68,12594.38,14029.71,14224.94,-195.23,25549304.25 (1.21%)
"25 Jun, 2025",13260.43,15688.17,-2427.74,12810.07,10437.11,2372.96,25244.75200.4 (0.8%)
"24 Jun, 2025",13628.08,18894.09,-5266.01,14931.45,9721.85,5209.6,25044.3572.45 (0.29%)
"23 Jun, 2025",8570.02,10444.4,-1874.38,13499.27,7907.5,5591.77,24971.9-140.5 (-0.56%)
"20 Jun, 2025",52411.51,44470.81,7940.7,24208.65,27258.53,-3049.88,25112.4319.15 (1.29%)
"19 Jun, 2025",12011.23,11076.61,934.62,11132.9,10526.93,605.97,24793.25-18.8 (-0.08%)
"18 Jun, 2025",12118.14,11227.21,890.93,11433.84,10342.5,1091.34,24812.05-41.35 (-0.17%)
"17 Jun, 2025",13581.1,12098.33,1482.77,19427.32,11220.13,8207.19,24853.4-93.1 (-0.37%)
"16 Jun, 2025",10029.64,12569.06,-2539.42,14147.65,8366.69,5780.96,24946.5227.9 (0.92%)
"13 Jun, 2025",14162.89,15426.41,-1263.52,13487.57,10446.13,3041.44,24718.6-169.6 (-0.68%)
"12 Jun, 2025",11656.73,15488.15,-3831.42,21386.26,11992.41,9393.85,24888.2-253.2 (-1.01%)
"11 Jun, 2025",14530.87,14977.18,-446.31,14764.75,13179.88,1584.87,25141.437.15 (0.15%)
"10 Jun, 2025",16548.24,14246.37,2301.87,13787.98,12674.64,1113.34,25104.251.05 (0%)
"09 Jun, 2025",12778.34,10785.47,1992.87,15306.03,11802.24,3503.79,25103.2100.15 (0.4%)
"06 Jun, 2025",15208.43,14198.72,1009.71,22522.51,13180.03,9342.48,25003.05252.15 (1.02%)
"05 Jun, 2025",17878.55,18087.02,-208.47,13190.92,10808.52,2382.4,24750.9130.7 (0.53%)
"04 Jun, 2025",16575.56,15499.38,1076.18,13045.17,10478.35,2566.82,24620.277.7 (0.32%)
"03 Jun, 2025",17063.43,19917.26,-2853.83,15703.72,9795.75,5907.97,24542.5-174.1 (-0.7%)
"02 Jun, 2025",12838.57,15428.04,-2589.47,14470.06,9156.3,5313.76,24716.6-34.1 (-0.14%)
,,,,,,,
"30 May, 2025",44434.53,50884.27,-6449.74,20673.18,11577.27,9095.91,24750.7-82.9 (-0.33%)
"29 May, 2025",21278.74,20394.71,884.03,12845.78,8559.28,4286.5,24833.681.15 (0.33%)
"28 May, 2025",16278.5,11615.58,4662.92,17643.97,9731.98,7911.99,24752.45-73.75 (-0.3%)
"27 May, 2025",18643.68,18295.23,348.45,19497.42,9392.76,10104.66,24826.2-174.95 (-0.7%)
"26 May, 2025",9081.47,8945.49,135.98,10545.16,8799.44,1745.72,25001.15148 (0.6%)
"23 May, 2025",11054.42,9259.83,1794.59,10011.1,9711.32,299.78,24853.15243.45 (0.99%)
"22 May, 2025",11608.61,16653.97,-5045.36,13348.63,9633.63,3715,24609.7-203.75 (-0.82%)
"21 May, 2025",13355.91,11154.12,2201.79,10555.99,9872.22,683.77,24813.45129.55 (0.52%)
"20 May, 2025",14788.67,24804.77,-10016.1,15376.54,8638.15,6738.39,24683.9-261.55 (-1.05%)
"19 May, 2025",11817.04,12342.99,-525.95,10988.35,11226.28,-237.93,24945.45-74.35 (-0.3%)
"16 May, 2025",21379.92,12548.87,8831.05,16971.9,11784.81,5187.09,25019.8-42.3 (-0.17%)
"15 May, 2025",21412,16019.06,5392.94,14749.54,16418.01,-1668.47,25062.1395.2 (1.6%)
"14 May, 2025",14861.07,13929.27,931.8,13602.99,13286.68,316.31,24666.988.55 (0.36%)
"13 May, 2025",17231.19,17708.05,-476.86,16551.85,12278.05,4273.8,24578.35-346.35 (-1.39%)
"12 May, 2025",12775.35,11528.87,1246.48,14684.1,13235.73,1448.37,24924.7916.7 (3.82%)
"09 May, 2025",11482.61,15281.32,-3798.71,15547.15,8269.41,7277.74,24008-265.8 (-1.1%)
"08 May, 2025",22365.53,20357.57,2007.96,12682.67,13278.92,-596.25,24273.8-140.6 (-0.58%)
"07 May, 2025",16371.71,13785.85,2585.86,13168.99,10790.5,2378.49,24414.434.8 (0.14%)
"06 May, 2025",13471.35,9676.83,3794.52,10963.04,12360.72,-1397.68,24379.6-81.55 (-0.33%)
"05 May, 2025",9365.89,8868.1,497.79,13917.99,11129.33,2788.66,24461.15114.45 (0.47%)
"02 May, 2025",18130.19,15360.38,2769.81,13906.16,10615.67,3290.49,24346.712.5 (0.05%)
,,,,,,,
"30 Apr, 2025",25189.92,25139.35,50.57,14429.69,12637.54,1792.15,24334.2-1.75 (-0.01%)
"29 Apr, 2025",15674.49,13288.88,2385.61,13356.43,11987.24,1369.19,24335.957.45 (0.03%)
"28 Apr, 2025",11680.49,9206.39,2474.1,14436.32,11618.68,2817.64,24328.5289.15 (1.2%)
"25 Apr, 2025",15524.03,12571.7,2952.33,16170.72,12630.87,3539.85,24039.35-207.35 (-0.86%)
"24 Apr, 2025",24089.48,15838.95,8250.53,13452.15,13986.69,-534.54,24246.7-82.25 (-0.34%)
"23 Apr, 2025",17507.28,14174.35,3332.93,15150.83,16385.29,-1234.46,24328.95161.7 (0.67%)
"22 Apr, 2025",16702.52,15412.09,1290.43,15154.16,16039.79,-885.63,24167.2541.7 (0.17%)
"21 Apr, 2025",11711.72,9741.55,1970.17,15619.61,15373.02,246.59,24125.55273.9 (1.15%)
"17 Apr, 2025",18210.41,13542.47,4667.94,13773.79,15779.94,-2006.15,23851.65414.45 (1.77%)
"16 Apr, 2025",15286.9,11350.48,3936.42,11065.94,13578.71,-2512.77,23437.2108.65 (0.47%)
"15 Apr, 2025",25103.46,19037.68,6065.78,11259.51,13211.11,-1951.6,23328.55500 (2.19%)
"11 Apr, 2025",18058.9,20577.93,-2519.03,14129.38,10370.11,3759.27,22828.55429.4 (1.92%)
"09 Apr, 2025",11959.16,16317.18,-4358.02,13990.17,11013.51,2976.66,22399.15-136.7 (-0.61%)
"08 Apr, 2025",13687.62,18681.86,-4994.24,14363.74,11266.5,3097.24,22535.85374.25 (1.69%)
"07 Apr, 2025",13372.27,22412.28,-9040.01,26528.23,14405.78,12122.45,22161.6-742.85 (-3.24%)
"04 Apr, 2025",13946.58,17430.56,-3483.98,14454.32,16174.64,-1720.32,22904.45-345.65 (-1.49%)
"03 Apr, 2025",9681.91,12487.91,-2806,11567.21,11345.74,221.47,23250.1-82.25 (-0.35%)
"02 Apr, 2025",12099.11,13637.99,-1538.88,11761.9,8953.07,2808.83,23332.35166.65 (0.72%)
"01 Apr, 2025",10480.2,16381.83,-5901.63,12699.83,8377.25,4322.58,23165.7-353.65 (-1.5%)
,,,,,,,
"28 Mar, 2025",11508.47,15861.29,-4352.82,16920.46,9273.97,7646.49,23519.35-72.6 (-0.31%)
"27 Mar, 2025",31783.75,20672.5,11111.25,39853.05,37335.35,2517.7,23591.95105.1 (0.45%)
"26 Mar, 2025",14316.32,12075.77,2240.55,12416.37,13112.74,-696.37,23486.85-181.8 (-0.77%)
"25 Mar, 2025",19066.28,13694.71,5371.57,11692.98,14461.85,-2768.87,23668.6510.3 (0.04%)
"24 Mar, 2025",15777.73,12721.97,3055.76,12879.29,12780.75,98.54,23658.35307.95 (1.32%)
"21 Mar, 2025",49892.65,42422.29,7470.36,18878.93,22081.19,-3202.26,23350.4159.75 (0.69%)
"20 Mar, 2025",16328.06,13088.92,3239.14,11784.06,14920.08,-3136.02,23190.65283.05 (1.24%)
"19 Mar, 2025",15718.73,16815.23,-1096.5,13300.08,11159.32,2140.76,22907.673.3 (0.32%)
"18 Mar, 2025",15709.88,15015.31,694.57,12333.09,9798.34,2534.75,22834.3325.55 (1.45%)
"17 Mar, 2025",11262.99,15751.44,-4488.45,12726.1,6725.5,6000.6,22508.75111.55 (0.5%)
"13 Mar, 2025",11601.09,12393.99,-792.9,10032.41,8308.59,1723.82,22397.2-73.3 (-0.33%)
"12 Mar, 2025",13088.94,14716.55,-1627.61,11803.42,10293.07,1510.35,22470.5-27.4 (-0.12%)
"11 Mar, 2025",8214.28,11038.04,-2823.76,10895.62,8893.83,2001.79,22497.937.6 (0.17%)
"10 Mar, 2025",9924.83,10410.24,-485.41,9591.29,9327.78,263.51,22460.3-92.2 (-0.41%)
"07 Mar, 2025",8635.45,10670.55,-2035.1,10452.93,8132.57,2320.36,22552.57.8 (0.03%)
"06 Mar, 2025",9711.41,12088.73,-2377.32,13276.13,11658.33,1617.8,22544.7207.4 (0.93%)
"05 Mar, 2025",12045.86,14940.9,-2895.04,15068.48,11697.88,3370.6,22337.3254.65 (1.15%)
"04 Mar, 2025",12022.6,15428.42,-3405.82,13542.14,8690.71,4851.43,22082.65-36.65 (-0.17%)
"03 Mar, 2025",9846.33,14634.62,-4788.29,17344.39,8553.69,8790.7,22119.3-5.4 (-0.02%)
,,,,,,,
"28 Feb, 2025",39239.44,50878.46,-11639.02,28065.55,15756.92,12308.63,22124.7-420.35 (-1.86%)
"27 Feb, 2025",19055.23,19611.79,-556.56,13530.17,11803.06,1727.11,22545.05-2.5 (-0.01%)
"25 Feb, 2025",12500.37,16029.47,-3529.1,11278.09,8247.31,3030.78,22547.55-5.8 (-0.03%)
"24 Feb, 2025",7905.53,14192.23,-6286.7,12552.14,7366.49,5185.65,22553.35-242.55 (-1.06%)
"21 Feb, 2025",10144.33,13593.48,-3449.15,12889.44,10004.83,2884.61,22795.9-117.25 (-0.51%)
"20 Feb, 2025",11131.94,14443.49,-3311.55,13180.35,9272.71,3907.64,22913.15-19.75 (-0.09%)
"19 Feb, 2025",11570.57,13451.87,-1881.3,11192.98,9235.24,1957.74,22932.9-12.4 (-0.05%)
"18 Feb, 2025",14537.68,9751.12,4786.56,12792.87,9720.68,3072.19,22945.3-14.2 (-0.06%)
"17 Feb, 2025",6826.98,10764.81,-3937.83,12504.11,7744.34,4759.77,22959.530.25 (0.13%)
"14 Feb, 2025",9064.18,13358.87,-4294.69,12826.66,8462.79,4363.87,22929.25-102.15 (-0.44%)
"13 Feb, 2025",12124,14913.91,-2789.91,13148.49,10213.99,2934.5,23031.4-13.85 (-0.06%)
"12 Feb, 2025",12389.1,17358.4,-4969.3,15357.41,9428.17,5929.24,23045.25-26.55 (-0.12%)
"11 Feb, 2025",11495.99,15982.4,-4486.41,13787.72,9785.83,4001.89,23071.8-309.8 (-1.32%)
"10 Feb, 2025",9607.92,12071.64,-2463.72,9802.45,8286.93,1515.52,23381.6-178.35 (-0.76%)
"07 Feb, 2025",12482.21,12952.6,-470.39,12185.62,11731.42,454.2,23559.95-43.4 (-0.18%)
"06 Feb, 2025",13469.82,17019.77,-3549.95,11546.06,8824.4,2721.66,23603.35-92.95 (-0.39%)
"05 Feb, 2025",14112.34,15795.17,-1682.83,12860.76,11864.48,996.28,23696.3-42.95 (-0.18%)
"04 Feb, 2025",18105.75,17296.52,809.23,15002.64,15433.34,-430.7,23739.25378.2 (1.62%)
"03 Feb, 2025",12505.92,16464.29,-3958.37,19319.48,16611.25,2708.23,23361.05-121.1 (-0.52%)
"01 Feb, 2025",987.59,2314.68,-1327.09,13364.01,12539.63,824.38,23482.15-26.25 (-0.11%)
,,,,,,,
"31 Jan, 2025",14000.07,15189.06,-1188.99,13549.67,11317.45,2232.22,23508.4258.9 (1.11%)
"30 Jan, 2025",10513.63,15096.58,-4582.95,13934.35,11768.46,2165.89,23249.586.4 (0.37%)
"29 Jan, 2025",7644.4,10230.83,-2586.43,12871.38,11078.67,1792.71,23163.1205.85 (0.9%)
"28 Jan, 2025",11165.86,16086.55,-4920.69,19735.28,12920.95,6814.33,22957.25128.1 (0.56%)
"27 Jan, 2025",9488.57,14504.03,-5015.46,16503.43,9861.28,6642.15,22829.15-263.05 (-1.14%)
"24 Jan, 2025",11230.47,13988.96,-2758.49,12835.41,10433.1,2402.31,23092.2-113.15 (-0.49%)
"23 Jan, 2025",13316.55,18779.07,-5462.52,14412.73,10700.18,3712.55,23205.3550 (0.22%)
"22 Jan, 2025",12936.64,16962.89,-4026.25,15437.18,11796.96,3640.22,23155.35130.7 (0.57%)
"21 Jan, 2025",9983.18,15903.46,-5920.28,14355.52,10855.2,3500.32,23024.65-320.1 (-1.37%)
"20 Jan, 2025",9473.16,13809.7,-4336.54,15339.21,11017.25,4321.96,23344.75141.55 (0.61%)
"17 Jan, 2025",10486.45,13804.51,-3318.06,12496.54,9923.66,2572.88,23203.2-108.6 (-0.47%)
"16 Jan, 2025",11077.77,15419.72,-4341.95,14830.61,11901.89,2928.72,23311.898.6 (0.42%)
"15 Jan, 2025",11035.43,15568.92,-4533.49,14429.64,10747.1,3682.54,23213.237.15 (0.16%)
"14 Jan, 2025",13794.14,21926.4,-8132.26,17836.5,9935.44,7901.06,23176.0590.1 (0.39%)
"13 Jan, 2025",10978.18,15871.02,-4892.84,20133.51,12067.44,8066.07,23085.95-345.55 (-1.47%)
"10 Jan, 2025",10097.02,12351.7,-2254.68,14293.73,10331.81,3961.92,23431.5-95 (-0.4%)
"09 Jan, 2025",8537.05,15707.92,-7170.87,16727.63,9088,7639.63,23526.5-162.45 (-0.69%)
"08 Jan, 2025",9944.21,13306.39,-3362.18,14251.5,11535.22,2716.28,23688.95-18.95 (-0.08%)
"07 Jan, 2025",11726.68,13218.14,-1491.46,12256.43,10641.15,1615.28,23707.991.85 (0.39%)
"06 Jan, 2025",9817.48,12392.54,-2575.06,16412.95,10663.3,5749.65,23616.05-388.7 (-1.62%)
"03 Jan, 2025",10812.78,15040.03,-4227.25,14332.69,13512.09,820.6,24004.75-183.9 (-0.76%)
"02 Jan, 2025",13402.85,11896.1,1506.75,14176.58,14154.44,22.14,24188.65445.75 (1.88%)
"01 Jan, 2025",1237.02,3019.73,-1782.71,8536.97,6846.6,1690.37,23742.998.1 (0.41%)
,,,,,,,
"1 Dec, 2024",5950.15,10595.37,-4645.22,13550.29,9003.56,4546.73,23644.8-0.1 (0%)
"30 Dec, 2024",15507.56,17400.72,-1893.16,41786.62,39612.76,2173.86,23644.9-168.5 (-0.71%)
"27 Dec, 2024",5368.36,6691.65,-1323.29,9436.86,6892.22,2544.64,23813.463.2 (0.27%)
"26 Dec, 2024",4256.31,6632.98,-2376.67,11592.43,8256.27,3336.16,23750.222.55 (0.1%)
"24 Dec, 2024",4932.76,7386.97,-2454.21,10514.3,7695.05,2819.25,23727.65-25.8 (-0.11%)
"23 Dec, 2024",8705.49,8874.2,-168.71,11083.76,8856.08,2227.68,23753.45165.95 (0.7%)
"20 Dec, 2024",30297.83,33895.65,-3597.82,20119.41,18745.04,1374.37,23587.5-364.2 (-1.52%)
"19 Dec, 2024",12685.41,16910.33,-4224.92,14699.53,10756.29,3943.24,23951.7-247.15 (-1.02%)
"18 Dec, 2024",13345.2,14662.01,-1316.81,14068.09,9984.01,4084.08,24198.85-137.15 (-0.56%)
"17 Dec, 2024",15558.53,21968.39,-6409.86,11996.54,9290.06,2706.48,24336-332.25 (-1.35%)
"16 Dec, 2024",11678.24,11956.94,-278.7,8636.76,8871.01,-234.25,24668.25-100.05 (-0.4%)
"13 Dec, 2024",15968.39,13633.07,2335.32,9616.97,10349.17,-732.2,24768.3219.6 (0.89%)
"12 Dec, 2024",14503.85,18063.86,-3560.01,13418.45,10771.8,2646.65,24548.7-93.1 (-0.38%)
"11 Dec, 2024",11528.68,12540.92,-1012.24,11396.21,9388.36,2007.85,24641.831.75 (0.13%)
"10 Dec, 2024",19936.98,18651.02,1285.96,11264.73,10658.94,605.79,24610.05-8.95 (-0.04%)
"09 Dec, 2024",16650.44,15926.17,724.27,10429.71,12077.78,-1648.07,24619-58.8 (-0.24%)
"06 Dec, 2024",12013.83,13844.14,-1830.31,11651.37,9992.31,1659.06,24677.8-30.6 (-0.12%)
"05 Dec, 2024",24716.78,16176.87,8539.91,13395.84,15699.48,-2303.64,24708.4240.95 (0.98%)
"04 Dec, 2024",19968.95,18171.35,1797.6,14082.28,14982.9,-900.62,24467.4510.3 (0.04%)
"03 Dec, 2024",22450,18785.33,3664.67,14553.16,14804.15,-250.99,24457.15181.1 (0.75%)
"02 Dec, 2024",13605.12,13843.4,-238.28,12456.43,8867.77,3588.66,24276.05144.95 (0.6%)
,,,,,,,
"29 Nov, 2024",14786.35,19169.9,-4383.55,15201.68,9478.34,5723.34,24131.1216.95 (0.91%)
"28 Nov, 2024",10796.17,22552.42,-11756.25,17685.35,8967.05,8718.3,23914.15-360.75 (-1.49%)
"27 Nov, 2024",13027.06,13019.28,7.78,10230.12,8928.15,1301.97,24274.980.4 (0.33%)
"26 Nov, 2024",10971.18,9813.48,1157.7,8406.15,10317.01,-1910.86,24194.5-27.4 (-0.11%)
"25 Nov, 2024",85251.94,75304.39,9947.55,17624.75,24532.72,-6907.97,24221.9314.65 (1.32%)
"22 Nov, 2024",16985.36,18263.73,-1278.37,12251.72,10529.57,1722.15,23907.25557.35 (2.39%)
"21 Nov, 2024",16559.63,21880.31,-5320.68,14555.77,10355.61,4200.16,23349.9-168.6 (-0.72%)
"19 Nov, 2024",15255.09,18666.82,-3411.73,13657.81,10873.92,2783.89,23518.564.7 (0.28%)
"18 Nov, 2024",14256.29,15659.69,-1403.4,11521.42,9190.86,2330.56,23453.8-78.9 (-0.34%)
"14 Nov, 2024",13003.06,14852.93,-1849.87,10200.35,7718.54,2481.81,23532.7-26.35 (-0.11%)
"13 Nov, 2024",15178.17,17680.75,-2502.58,14095.16,7949.92,6145.24,23559.05-324.4 (-1.36%)
"12 Nov, 2024",12542.73,15567.04,-3024.31,10330.28,8475.82,1854.46,23883.45-257.85 (-1.07%)
"11 Nov, 2024",9430.85,11737.73,-2306.88,9848.87,7822.24,2026.63,24141.3-6.9 (-0.03%)
"08 Nov, 2024",9336.94,12740.98,-3404.04,11246.96,9498.52,1748.44,24148.2-51.15 (-0.21%)
"07 Nov, 2024",11736.07,16624.84,-4888.77,11374.43,9587.73,1786.7,24199.35-284.7 (-1.16%)
"06 Nov, 2024",11911.9,16357.49,-4445.59,16061.64,11172.31,4889.33,24484.05270.75 (1.12%)
"05 Nov, 2024",11851.47,14420.88,-2569.41,12616.72,9585.76,3030.96,24213.3217.95 (0.91%)
"04 Nov, 2024",13786.39,18116.18,-4329.79,12449.82,9513.74,2936.08,23995.35-309 (-1.27%)
,,,,,,,
"31 Oct, 2024",16633.49,22446.79,-5813.3,13000.2,9485.61,3514.59,24205.35-135.5 (-0.56%)
"30 Oct, 2024",14908.59,19522.24,-4613.65,13594.06,9075.78,4518.28,24340.85-126 (-0.51%)
"29 Oct, 2024",15508.5,16057.19,-548.69,12823.77,12093.64,730.13,24466.85127.7 (0.52%)
"28 Oct, 2024",13393.3,16621.38,-3228.08,12258.32,10857.47,1400.85,24339.15158.35 (0.65%)
"25 Oct, 2024",14209.84,17246.59,-3036.75,15203.44,11044.15,4159.29,24180.8-218.6 (-0.9%)
"24 Oct, 2024",12537.42,17599.87,-5062.45,13827.85,10207.38,3620.47,24399.4-36.1 (-0.15%)
"23 Oct, 2024",14752.71,20437.34,-5684.63,16433.67,10393.77,6039.9,24435.5-36.6 (-0.15%)
"22 Oct, 2024",15579.8,19558.41,-3978.61,16865.8,10996.74,5869.06,24472.1-309 (-1.25%)
"21 Oct, 2024",11982.7,14244.53,-2261.83,13741.13,10515.22,3225.91,24781.1-72.95 (-0.29%)
"18 Oct, 2024",12348.95,17834.65,-5485.7,13850.16,8635.33,5214.83,24854.05104.2 (0.42%)
"17 Oct, 2024",9721.1,17142.5,-7421.4,16817.01,11837.18,4979.83,24749.85-221.45 (-0.89%)
"16 Oct, 2024",14465.64,17901.58,-3435.94,13432.45,11176.16,2256.29,24971.3-86.05 (-0.34%)
"15 Oct, 2024",16097.89,17846.6,-1748.71,13229.43,11574.47,1654.96,25057.35-70.6 (-0.28%)
"14 Oct, 2024",9364.16,13095.75,-3731.59,11597.52,9319.43,2278.09,25127.95163.7 (0.66%)
"11 Oct, 2024",6219.76,10382.42,-4162.66,11906.51,8175.64,3730.87,24964.25-34.2 (-0.14%)
"10 Oct, 2024",16514.3,21440.91,-4926.61,13301.19,9422.86,3878.33,24998.4516.5 (0.07%)
"09 Oct, 2024",11726.26,16288.97,-4562.71,14841.81,11333.2,3508.61,24981.95-31.2 (-0.12%)
"08 Oct, 2024",14774.19,20503.79,-5729.6,19494.71,12494.03,7000.68,25013.15217.4 (0.88%)
"07 Oct, 2024",14057.25,22350.66,-8293.41,23924.07,10678.95,13245.12,24795.75-218.85 (-0.87%)
"04 Oct, 2024",14524.79,24421.74,-9896.95,20286.53,11381.45,8905.08,25014.6-235.5 (-0.93%)
"03 Oct, 2024",17311.91,32555.18,-15243.27,25294.47,12380.51,12913.96,25250.1-546.8 (-2.12%)
"01 Oct, 2024",12627.79,18207.14,-5579.35,14435.2,9825.65,4609.55,25796.9-13.95 (-0.05%)
,,,,,,,
"30 Sep, 2024",16620.77,26412.7,-9791.93,17880.53,11234.73,6645.8,25810.85-368.1 (-1.41%)
"27 Sep, 2024",26135.9,27345,-1209.1,50042.69,43156.04,6886.65,26178.95-37.1 (-0.14%)
"26 Sep, 2024",26421.21,25791.25,629.96,15461.3,13056.18,2405.12,26216.05211.9 (0.81%)
"25 Sep, 2024",15086.88,16060.82,-973.94,12899.34,11120.35,1778.99,26004.1563.75 (0.25%)
"24 Sep, 2024",20111.37,22895.51,-2784.14,15939.51,12071.2,3868.31,25940.41.35 (0.01%)
"23 Sep, 2024",12094.89,11690.47,404.42,11666.36,10643.72,1022.64,25939.05148.1 (0.57%)
"20 Sep, 2024",59452.33,45388.28,14064.05,16987.42,21414.5,-4427.08,25790.95375.15 (1.48%)
"19 Sep, 2024",17852.32,20399.85,-2547.53,16234.69,14221.83,2012.86,25415.838.25 (0.15%)
"18 Sep, 2024",11654,10500.31,1153.69,11794.51,11642.2,152.31,25377.55-41 (-0.16%)
"17 Sep, 2024",13095.19,12612.5,482.69,10959.98,10085.83,874.15,25418.5534.8 (0.14%)
"16 Sep, 2024",8617.1,10252.08,-1634.98,10025.07,9270.98,754.09,25383.7527.25 (0.11%)
"13 Sep, 2024",15982.99,13618.17,2364.82,11156.43,8624.25,2532.18,25356.5-32.4 (-0.13%)
"12 Sep, 2024",23301.02,15606.02,7695,13690.6,15491.14,-1800.54,25388.9470.45 (1.89%)
"11 Sep, 2024",15414.6,13659.6,1755,11401.9,11171,230.9,24918.45-122.65 (-0.49%)
"10 Sep, 2024",16771.58,14563.35,2208.23,12153.63,12429,-275.37,25041.1104.7 (0.42%)
"09 Sep, 2024",14679.24,13502.69,1176.55,12172.78,10415.76,1757.02,24936.484.25 (0.34%)
"06 Sep, 2024",16911.35,17532.3,-620.95,15699.2,13577.67,2121.53,24852.15-292.95 (-1.17%)
"05 Sep, 2024",17446.87,18135.56,-688.69,14803.18,11832.44,2970.74,25145.1-53.6 (-0.21%)
"04 Sep, 2024",16585.13,15609.67,975.46,13583.92,13486.57,97.35,25198.7-81.15 (-0.32%)
"03 Sep, 2024",19444.04,18414.79,1029.25,11867.28,9971.07,1896.21,25279.851.15 (0%)
"02 Sep, 2024",13772.63,12037.17,1735.46,12538.52,12182.15,356.37,25278.742.8 (0.17%)
,,,,,,,
"30 Aug, 2024",89967.84,84649.7,5318.14,18357.37,21555.44,-3198.07,25235.983.95 (0.33%)
"29 Aug, 2024",27036.06,23776.5,3259.56,19919.09,17228.24,2690.85,25151.9599.6 (0.4%)
"28 Aug, 2024",13535.83,14883.36,-1347.53,12746.57,12307.22,439.35,25052.3534.6 (0.14%)
"27 Aug, 2024",15002.15,13498.39,1503.76,12159.6,12763.68,-604.08,25017.757.15 (0.03%)
"26 Aug, 2024",12749.26,12265.9,483.36,13045.47,11175.25,1870.22,25010.6187.45 (0.76%)
"23 Aug, 2024",16775.7,14831.22,1944.48,13341.03,10445.01,2896.02,24823.1511.65 (0.05%)
"22 Aug, 2024",18462.95,17091.16,1371.79,12239.7,9267.9,2971.8,24811.541.3 (0.17%)
"21 Aug, 2024",16888.07,17687.81,-799.74,13299.53,10202.08,3097.45,24770.271.35 (0.29%)
"20 Aug, 2024",17714.69,19172.65,-1457.96,13182.77,10930.67,2252.1,24698.85126.2 (0.51%)
"19 Aug, 2024",12084.3,14751.76,-2667.46,11138.17,9335.25,1802.92,24572.6531.5 (0.13%)
"16 Aug, 2024",18494.25,17727.73,766.52,12795.7,10189.52,2606.18,24541.15397.4 (1.65%)
"14 Aug, 2024",14970,17565.27,-2595.27,12269.21,10033,2236.21,24143.754.75 (0.02%)
"13 Aug, 2024",14502.44,16609.61,-2107.17,13005.78,11765.82,1239.96,24139-208 (-0.85%)
"12 Aug, 2024",13846.14,18526.65,-4680.51,13701.95,9224.22,4477.73,24347-20.5 (-0.08%)
"09 Aug, 2024",12454.93,12048.21,406.72,15190.99,11211.4,3979.59,24367.5250.5 (1.04%)
"08 Aug, 2024",15490.67,18117.4,-2626.73,11738.64,11161.34,577.3,24117-180.5 (-0.74%)
"07 Aug, 2024",14094.77,17409.53,-3314.76,16070.87,12269.66,3801.21,24297.5304.95 (1.27%)
"06 Aug, 2024",14389.37,17920.61,-3531.24,14422.78,11065.33,3357.45,23992.55-63.05 (-0.26%)
"05 Aug, 2024",12724.19,22797.94,-10073.75,23766.9,14611.35,9155.55,24055.6-662.1 (-2.68%)
"02 Aug, 2024",14184.9,17494.9,-3310,16579.92,13613.98,2965.94,24717.7-293.2 (-1.17%)
"01 Aug, 2024",17860.22,15770.94,2089.28,13956.4,14293.43,-337.03,25010.959.75 (0.24%)
,,,,,,,
"31 Jul, 2024",20048.84,23511.2,-3462.36,16592.56,13226.05,3366.51,24951.1593.85 (0.38%)
"30 Jul, 2024",14451.86,20050.5,-5598.64,18718.94,13153.84,5565.1,24857.321.2 (0.09%)
"29 Jul, 2024",17371.87,19846.41,-2474.54,18993.38,13327.84,5665.54,24836.11.25 (0.01%)
"26 Jul, 2024",18201.3,15654.92,2546.38,18856.44,16082.13,2774.31,24834.85428.75 (1.76%)
"25 Jul, 2024",14682.92,17288.41,-2605.49,15760.02,13328.33,2431.69,24406.1-7.4 (-0.03%)
"24 Jul, 2024",16121.97,21252.87,-5130.9,17787.34,14650.04,3137.3,24413.5-65.55 (-0.27%)
"23 Jul, 2024",14330.77,17306.08,-2975.31,17799.44,16380.62,1418.82,24479.05-30.2 (-0.12%)
"22 Jul, 2024",16970.11,13526.05,3444.06,13552.91,15205.25,-1652.34,24509.25-21.65 (-0.09%)
"19 Jul, 2024",15892.61,14386.49,1506.12,15051.42,15512.98,-461.56,24530.9-269.95 (-1.09%)
"18 Jul, 2024",25520.62,20036.99,5483.63,15676.29,18580.54,-2904.25,24800.85187.85 (0.76%)
"16 Jul, 2024",14482.47,13211.02,1271.45,14935.86,15465.34,-529.48,2461326.3 (0.11%)
"15 Jul, 2024",14857.07,12172.29,2684.78,15033.05,15364.05,-331,24586.784.55 (0.35%)
"12 Jul, 2024",19113.62,15092.02,4021.6,14490.17,16141.62,-1651.45,24502.15186.2 (0.77%)
"11 Jul, 2024",15359.94,16496.95,-1137.01,15835.3,14158.83,1676.47,24315.95-8.5 (-0.03%)
"10 Jul, 2024",17464.23,16880.27,583.96,15152.85,14070.45,1082.4,24324.45-108.75 (-0.45%)
"09 Jul, 2024",14537.07,14222.61,314.46,13615.06,12198.6,1416.46,24433.2112.65 (0.46%)
"08 Jul, 2024",13564.41,13503.43,60.98,14355.09,11488.3,2866.79,24320.55-3.3 (-0.01%)
"05 Jul, 2024",13354.3,12112.97,1241.33,12695.07,14346.43,-1651.36,24323.8521.7 (0.09%)
"04 Jul, 2024",13837.28,11261.43,2575.85,11303.32,13678.5,-2375.18,24302.1515.65 (0.06%)
"03 Jul, 2024",18023.92,12540.29,5483.63,14121.15,15045.58,-924.43,24286.5162.65 (0.67%)
"02 Jul, 2024",14551.15,16551.27,-2000.12,14203.4,13555.15,648.25,24123.85-18.1 (-0.07%)
"01 Jul, 2024",13206.44,13632.47,-426.03,16210.07,12292.64,3917.43,24141.95131.35 (0.55%)
,,,,,,,
"28 Jun, 2024",20605.78,20628.87,-23.09,20973.4,14315.09,6658.31,24010.6-33.9 (-0.14%)
"27 Jun, 2024",30849.47,23190.7,7658.77,26887.35,30493.28,-3605.93,24044.5175.7 (0.74%)
"26 Jun, 2024",19920.57,23456,-3535.43,18342.37,13238.7,5103.67,23868.8147.5 (0.62%)
"25 Jun, 2024",17331.84,16155.93,1175.91,13519.21,13668.66,-149.45,23721.3183.45 (0.78%)
"24 Jun, 2024",13720.3,14374.27,-653.97,11251.18,12071.65,-820.47,23537.8536.75 (0.16%)
"21 Jun, 2024",44523.47,46313.66,-1790.19,18603.77,17366.56,1237.21,23501.1-65.9 (-0.28%)
"20 Jun, 2024",16277.11,15861.81,415.3,12564.28,12890.09,-325.81,2356751 (0.22%)
"19 Jun, 2024",24852.22,16943.86,7908.36,22548.24,15440.44,7107.8,23516-41.9 (-0.18%)
"18 Jun, 2024",19101.85,16532.45,2569.4,13955.22,12399.49,1555.73,23557.992.3 (0.39%)
"14 Jun, 2024",15691.02,13515.16,2175.86,11876.45,11220.69,655.76,23465.666.7 (0.29%)
"13 Jun, 2024",19191.08,22224.08,-3033,12374.17,12928.05,-553.88,23398.975.95 (0.33%)
"12 Jun, 2024",15273.41,14846.78,426.63,13651.65,13417.9,233.75,23322.9558.1 (0.25%)
"11 Jun, 2024",15527.24,15638.28,-111.04,14162.6,10969.31,3193.29,23264.855.65 (0.02%)
"10 Jun, 2024",13721.97,11149.59,2572.38,16933.99,14169.53,2764.46,23259.2-30.95 (-0.13%)
"07 Jun, 2024",19943.97,15552.95,4391.02,15564.17,16853.92,-1289.75,23290.15468.75 (2.05%)
"06 Jun, 2024",13969.51,20837.23,-6867.72,17030.3,13311.92,3718.38,22821.4201.05 (0.89%)
"05 Jun, 2024",21012.72,26668.98,-5656.26,28615.23,24060.15,4555.08,22620.35735.85 (3.36%)
"04 Jun, 2024",26776.17,39212.39,-12436.22,25963.84,29282.82,-3318.98,21884.5-1379.4 (-5.93%)
"03 Jun, 2024",23451.26,16600.5,6850.76,22651.16,20737.18,1913.98,23263.9733.2 (3.25%)
,,,,,,,
"31 May, 2024",95467.56,93854.32,1613.24,21441.16,19326.99,2114.17,22530.742.05 (0.19%)
"30 May, 2024",18108.69,21158.84,-3050.15,13748.5,10315.58,3432.92,22488.65-216.05 (-0.95%)
"29 May, 2024",14162.04,20003.88,-5841.84,12954.15,7720.36,5233.79,22704.7-183.45 (-0.8%)
"28 May, 2024",14739.43,14673.86,65.57,13169.66,9937.99,3231.67,22888.15-44.3 (-0.19%)
"27 May, 2024",14013.38,14554.6,-541.22,12902.57,11979.97,922.6,22932.45-24.65 (-0.11%)
"24 May, 2024",11564.19,12509.02,-944.83,13475.7,11155.38,2320.32,22957.1-10.55 (-0.05%)
"23 May, 2024",19821.55,15150.6,4670.95,12439.4,12292.89,146.51,22967.65369.85 (1.64%)
"22 May, 2024",16061.42,16747.46,-686.04,13486.33,12524.42,961.91,22597.868.75 (0.31%)
"21 May, 2024",50.71,143.66,-92.95,149.06,301.93,-152.87,22529.0527.05 (0.12%)
"17 May, 2024",15820.61,14203.82,1616.79,11656.6,10100.35,1556.25,22466.162.25 (0.28%)
"16 May, 2024",16603.64,17380.13,-776.49,14907.72,12779.91,2127.81,22403.85203.3 (0.92%)
"15 May, 2024",11412.04,14244.87,-2832.83,12915.36,9126.98,3788.38,22200.55-17.3 (-0.08%)
"14 May, 2024",9988.34,14053.86,-4065.52,11455.11,7927.25,3527.86,22217.85113.8 (0.51%)
"13 May, 2024",10309.45,14808.37,-4498.92,12655.75,9093,3562.75,22104.0548.85 (0.22%)
"10 May, 2024",11603.33,13720.83,-2117.5,10677.79,7967.98,2709.81,22055.297.7 (0.44%)
"09 May, 2024",11353.03,18347.89,-6994.86,16351.32,10708.79,5642.53,21957.5-345 (-1.55%)
"08 May, 2024",11984.54,18653.64,-6669.1,15333.26,9404.45,5928.81,22302.50 (0%)
"07 May, 2024",13726.76,17395.6,-3668.84,13202.8,10898.3,2304.5,22302.5-140.2 (-0.62%)
"06 May, 2024",12598.23,14766.98,-2168.75,13791.15,13009.76,781.39,22442.7-33.15 (-0.15%)
"03 May, 2024",17440.08,19832.06,-2391.98,13865.92,13175.4,690.52,22475.85-172.35 (-0.76%)
"02 May, 2024",16786.8,17751.27,-964.47,15122.33,13769.89,1352.44,22648.243.35 (0.19%)
,,,,,,,
"30 Apr, 2024",20925.96,19854.03,1071.93,14438.64,13009.53,1429.11,22604.85-38.55 (-0.17%)
"29 Apr, 2024",13689.75,13520.66,169.09,11746.82,11054.77,692.05,22643.4223.45 (1%)
"26 Apr, 2024",13909.55,17318.43,-3408.88,14475.58,10118.75,4356.83,22419.95-150.4 (-0.67%)
"25 Apr, 2024",19378.28,22201.61,-2823.33,19088.02,12920.46,6167.56,22570.35167.95 (0.75%)
"24 Apr, 2024",10242.95,12754.69,-2511.74,12601.22,8791.32,3809.9,22402.434.4 (0.15%)
"23 Apr, 2024",14931.47,17976.01,-3044.54,12337.81,9418.87,2918.94,2236831.6 (0.14%)
"22 Apr, 2024",13189.75,16104.98,-2915.23,11855.59,8312.66,3542.93,22336.4189.4 (0.86%)
"19 Apr, 2024",16285.77,16156.38,129.39,9396.68,9449.18,-52.5,22147151.15 (0.69%)
"18 Apr, 2024",18231.3,22491.63,-4260.33,14273.71,11988.19,2285.52,21995.85-152.05 (-0.69%)
"16 Apr, 2024",10208.87,14676.96,-4468.09,13537.42,11497.04,2040.38,22147.9-124.6 (-0.56%)
"15 Apr, 2024",10443.55,13711.55,-3268,13578.59,8815.66,4762.93,22272.5-246.9 (-1.1%)
"12 Apr, 2024",15405.32,23432.32,-8027,17220.28,10878.75,6341.53,22519.4-234.4 (-1.03%)
"10 Apr, 2024",13344.95,10566.78,2778.17,12342.51,12179.15,163.36,22753.8111.05 (0.49%)
"09 Apr, 2024",13964.84,14558.04,-593.2,11130.49,8873.31,2257.18,22642.75-23.55 (-0.1%)
"08 Apr, 2024",11504.78,12189.46,-684.68,12727.46,9256.92,3470.54,22666.3152.6 (0.68%)
"05 Apr, 2024",12834.7,11175.43,1659.27,9462.33,12832.75,-3370.42,22513.7-0.95 (0%)
"04 Apr, 2024",13478.62,14615.09,-1136.47,12218.87,13111.98,-893.11,22514.6580 (0.36%)
"03 Apr, 2024",13812.77,16026.33,-2213.56,13037.25,11934.84,1102.41,22434.65-18.65 (-0.08%)
"02 Apr, 2024",13279.04,14901.73,-1622.69,12163.4,10210.68,1952.72,22453.3-8.7 (-0.04%)
"01 Apr, 2024",8817.98,9340.28,-522.3,10193.47,8985.05,1208.42,22462135.1 (0.61%)
,,,,,,,
"28 Mar, 2024",24808.78,24620.47,188.31,12428.24,9736.72,2691.52,22326.9203.25 (0.92%)
"27 Mar, 2024",19558.69,17388.37,2170.32,26386.81,25189.2,1197.61,22123.65118.95 (0.54%)
"26 Mar, 2024",22714.11,22703.98,10.13,14130.31,9105.95,5024.36,22004.7-92.05 (-0.42%)
"22 Mar, 2024",17460.11,20769.87,-3309.76,12729.17,8964.3,3764.87,22096.7584.8 (0.39%)
"21 Mar, 2024",14245.79,16072.76,-1826.97,12950.48,9741.61,3208.87,22011.95172.85 (0.79%)
"20 Mar, 2024",10600.38,13199.57,-2599.19,11532.02,8864.5,2667.52,21839.121.65 (0.1%)
"19 Mar, 2024",16839.13,15417.65,1421.48,16886.74,9437.26,7449.48,21817.45-238.25 (-1.08%)
"18 Mar, 2024",10143.76,12194.85,-2051.09,10135.01,7874.13,2260.88,22055.732.35 (0.15%)
"15 Mar, 2024",49504.55,48655.99,848.56,15254.61,15936.87,-682.26,22023.35-123.3 (-0.56%)
"14 Mar, 2024",19814.37,21170.66,-1356.29,10729.35,10589.88,139.47,22146.65148.95 (0.68%)
"13 Mar, 2024",33223.63,37818.69,-4595.06,20267.9,11174.18,9093.72,21997.7-338 (-1.51%)
"12 Mar, 2024",15474.8,15401.68,73.12,10478.38,8120.2,2358.18,22335.73.05 (0.01%)
"11 Mar, 2024",23691.23,19478.47,4212.76,10787.26,7548.87,3238.39,22332.65-160.9 (-0.72%)
"07 Mar, 2024",22997.94,15693.83,7304.11,11886.95,9285.14,2601.81,22493.5519.5 (0.09%)
"06 Mar, 2024",19849.42,17082.67,2766.75,13638.83,11488.95,2149.88,22474.05117.75 (0.53%)
"05 Mar, 2024",15215.15,14640.87,574.28,11888.65,10054.04,1834.61,22356.3-49.3 (-0.22%)
"04 Mar, 2024",13489.19,14053.25,-564.06,11963.11,8420.24,3542.87,22405.627.2 (0.12%)
"01 Mar, 2024",15712.62,15583.68,128.94,11987.98,8173.45,3814.53,22338.75355.95 (1.62%)
,,,,,,,
"29 Feb, 2024",54592.29,51024.18,3568.11,11405.24,11635.45,-230.21,21982.831.65 (0.14%)
"28 Feb, 2024",11058.91,12938.14,-1879.23,10124.97,8297.52,1827.45,21951.15-247.2 (-1.11%)
"27 Feb, 2024",16400.68,17909.84,-1509.16,11803.41,8941.85,2861.56,22198.3576.3 (0.34%)
"26 Feb, 2024",12525.31,12810.46,-285.15,8526.82,8532.15,-5.33,22122.05-90.65 (-0.41%)
"23 Feb, 2024",15746.64,14470.55,1276.09,8556.28,8379.6,176.68,22212.7-4.75 (-0.02%)
"22 Feb, 2024",14376.57,15786.62,-1410.05,10473.09,8649.41,1823.68,22217.45162.4 (0.74%)
"21 Feb, 2024",17080.67,16796.01,284.66,10151.65,10563.22,-411.57,22055.05-141.9 (-0.64%)
"20 Feb, 2024",14870.68,16206.19,-1335.51,10665.07,9173.74,1491.33,22196.9574.7 (0.34%)
"19 Feb, 2024",10167.95,10922.54,-754.59,8081.14,7628.44,452.7,22122.2581.55 (0.37%)
"16 Feb, 2024",13802.04,13548.76,253.28,12165.87,10594.87,1571,22040.7129.95 (0.59%)
"15 Feb, 2024",13657.88,16722.03,-3064.15,11891.94,9615.01,2276.93,21910.7570.7 (0.32%)
"14 Feb, 2024",18323.11,22252.71,-3929.6,12110.28,9212.3,2897.98,21840.0596.8 (0.45%)
"13 Feb, 2024",13404.37,13028.05,376.32,9167.73,8893.79,273.94,21743.25127.2 (0.59%)
"12 Feb, 2024",9156.97,9030.37,126.6,11183.9,9472.15,1711.75,21616.05-166.45 (-0.76%)
"09 Feb, 2024",13946.46,13804.51,141.95,12090.82,12512.69,-421.87,21782.564.55 (0.3%)
"08 Feb, 2024",16248.71,21182.49,-4933.78,17291.78,11779.46,5512.32,21717.95-212.55 (-0.97%)
"07 Feb, 2024",14534.64,16225.66,-1691.02,12012.32,11684.59,327.73,21930.51.1 (0.01%)
"06 Feb, 2024",16944.43,16851.91,92.52,13822.11,12725.85,1096.26,21929.4157.7 (0.72%)
"05 Feb, 2024",14276.22,13757.34,518.88,11869.08,13057.76,-1188.68,21771.7-82.1 (-0.38%)
"02 Feb, 2024",15476.31,15405.62,70.69,14097.58,11634.42,2463.16,21853.8156.35 (0.72%)
"01 Feb, 2024",19287.92,21167.5,-1879.58,12991.07,12118.58,872.49,21697.45-28.25 (-0.13%)
,,,,,,,
"31 Jan, 2024",26054.03,24393.31,1660.72,15596.89,13053.96,2542.93,21725.7203.6 (0.95%)
"30 Jan, 2024",14275.7,16246.22,-1970.52,12666.88,11664.18,1002.7,21522.1-215.5 (-0.99%)
"29 Jan, 2024",19030.42,18920.41,110.01,14592.44,11371.1,3221.34,21737.6385 (1.8%)
"25 Jan, 2024",34280.27,36424.33,-2144.06,12353.83,8878.94,3474.89,21352.6-101.35 (-0.47%)
"24 Jan, 2024",27230.93,34165.86,-6934.93,15493.23,9480.56,6012.67,21453.95215.15 (1.01%)
"23 Jan, 2024",26390.61,29506,-3115.39,14853.87,14639.47,214.4,21238.8-333 (-1.54%)
"20 Jan, 2024",305.58,851.16,-545.58,3467.93,4187.24,-719.31,21571.8-50.6 (-0.23%)
"19 Jan, 2024",18644.52,22334.2,-3689.68,12777.33,10138.87,2638.46,21622.4160.15 (0.75%)
"18 Jan, 2024",14934.98,24836.54,-9901.56,15637.89,9660.77,5977.12,21462.25-109.7 (-0.51%)
"17 Jan, 2024",17317.91,27896.04,-10578.13,15188.62,11182.18,4006.44,21571.95-460.35 (-2.09%)
"16 Jan, 2024",12212.14,11555.57,656.57,10126.53,10495.82,-369.29,22032.3-65.15 (-0.29%)
"15 Jan, 2024",12196.34,11110.62,1085.72,10881.64,11702.33,-820.69,22097.45202.9 (0.93%)
"12 Jan, 2024",11904.24,12244.29,-340.05,13152.89,10241.7,2911.19,21894.55247.35 (1.14%)
"11 Jan, 2024",11619.68,12484.68,-865,12951.47,11344.39,1607.08,21647.228.5 (0.13%)
"10 Jan, 2024",9621.87,11343.22,-1721.35,10461.84,8381.83,2080.01,21618.773.85 (0.34%)
"09 Jan, 2024",10035.26,11026.16,-990.9,10472.02,10367.79,104.23,21544.8531.85 (0.15%)
"08 Jan, 2024",10246.47,10230.44,16.03,9837.48,9681.52,155.96,21513-197.8 (-0.91%)
"05 Jan, 2024",12677.19,10980.33,1696.86,9796.37,13293.99,-3497.62,21710.852.2 (0.24%)
"04 Jan, 2024",14864.83,13351.42,1513.41,12011.99,13399.35,-1387.36,21658.6141.25 (0.66%)
"03 Jan, 2024",9103,9769.34,-666.34,10402.57,11265.55,-862.98,21517.35-148.45 (-0.69%)
"02 Jan, 2024",10200.31,8598.15,1602.16,8695.68,10654.72,-1959.04,21665.8-76.1 (-0.35%)
"01 Jan, 2024",1311.29,2167.09,-855.8,7004.39,6593.93,410.46,21741.910.5 (0.05%)
,,,,,,,
,,,,,,,
"29 Dec, 2023",9503.57,8044.45,1459.12,10908.46,10354.07,554.39,21731.4-47.3 (-0.22%)
"28 Dec, 2023",13489.78,9130.79,4358.99,18258.2,18121.56,136.64,21778.7123.95 (0.57%)
"27 Dec, 2023",10654.11,7728.06,2926.05,9136.75,9328.76,-192.01,21654.75213.4 (1%)
"26 Dec, 2023",6174.15,6269.35,-95.2,8830.04,8663,167.04,21441.3591.95 (0.43%)
"22 Dec, 2023",10905.88,13734.82,-2828.94,10332.17,8165.45,2166.72,21349.494.35 (0.44%)
"21 Dec, 2023",9715.29,11351.48,-1636.19,9750.21,8285.51,1464.7,21255.05104.9 (0.5%)
"20 Dec, 2023",19190,20512.08,-1322.08,16194.18,11439.84,4754.34,21150.15-302.95 (-1.41%)
"19 Dec, 2023",11748.82,12350.34,-601.52,8728.85,8434.5,294.35,21453.134.45 (0.16%)
"18 Dec, 2023",11473.54,11507.05,-33.51,9657.75,9243.87,413.88,21418.65-38 (-0.18%)
"15 Dec, 2023",37677.58,28438.16,9239.42,11300.61,14378.04,-3077.43,21456.65273.95 (1.29%)
"14 Dec, 2023",21080.4,17510.33,3570.07,12118.3,11565.13,553.17,21182.7256.35 (1.23%)
"12 Dec, 2023",16037.09,15960.23,76.86,12206.24,10282.92,1923.32,20906.4-90.7 (-0.43%)
"11 Dec, 2023",10710.66,9449.53,1261.13,8298.69,9331.61,-1032.92,20997.127.7 (0.13%)
"08 Dec, 2023",19329.28,15696.98,3632.3,9533.13,9967.15,-434.02,20969.468.25 (0.33%)
"07 Dec, 2023",13934.88,15498.91,-1564.03,9313.11,9322.77,-9.66,20901.15-36.55 (-0.17%)
"06 Dec, 2023",11836.42,11916.3,-79.88,12323.18,10951,1372.18,20937.782.6 (0.4%)
"05 Dec, 2023",17190.73,11967.22,5223.51,11467.11,12866.29,-1399.18,20855.1168.3 (0.81%)
"04 Dec, 2023",18705.23,16632.02,2073.21,16342,11544.85,4797.15,20686.8418.9 (2.07%)
"01 Dec, 2023",10522.36,8932.75,1589.61,11173.05,9724.97,1448.08,20267.9134.75 (0.67%)
,,,,,,,
"30 Nov, 2023",66830.53,58682.68,8147.85,13944.96,14725.28,-780.32,20133.1536.55 (0.18%)
"29 Nov, 2023",16041.33,15969.42,71.91,10922.5,8561.69,2360.81,20096.6206.9 (1.04%)
"28 Nov, 2023",14474.29,13690.47,783.82,8088.7,6763.72,1324.98,19889.795 (0.48%)
"24 Nov, 2023",8833.27,6208.06,2625.21,6090.59,5956.13,134.46,19794.7-7.3 (-0.04%)
"23 Nov, 2023",7348.72,7093.19,255.53,6234.47,5777.08,457.39,19802-9.85 (-0.05%)
"22 Nov, 2023",8111.73,8418.29,-306.56,6749.42,6028.18,721.24,19811.8528.45 (0.14%)
"21 Nov, 2023",10471.83,10927.42,-455.59,6361.92,5640.4,721.52,19783.489.4 (0.45%)
"20 Nov, 2023",8776.18,9421.9,-645.72,6446.83,6369.06,77.77,19694-37.8 (-0.19%)
"17 Nov, 2023",11557.65,12035.41,-477.76,6849.04,7414.52,-565.48,19731.8-33.4 (-0.17%)
"16 Nov, 2023",13546.39,12589.14,957.25,6690.87,5985.22,705.65,19765.289.75 (0.46%)
"15 Nov, 2023",15620.95,15070.76,550.19,8165.17,7555.35,609.82,19675.45231.9 (1.19%)
"13 Nov, 2023",12.06,202.12,-190.06,120.82,25.51,95.31,19443.55-82 (-0.42%)
"13 Nov, 2023",12.06,202.12,-190.06,120.82,25.51,95.31,19443.55-82 (-0.42%)
"13 Nov, 2023",12.06,202.12,-190.06,120.82,25.51,95.31,19443.55-82 (-0.42%)
"13 Nov, 2023",12.06,202.12,-190.06,120.82,25.51,95.31,19443.55-82 (-0.42%)
"13 Nov, 2023",12.06,202.12,-190.06,120.82,25.51,95.31,19443.55-82 (-0.42%)
"13 Nov, 2023",12.06,202.12,-190.06,120.82,25.51,95.31,19443.55-82 (-0.42%)
"13 Nov, 2023",12.06,202.12,-190.06,120.82,25.51,95.31,19443.55-82 (-0.42%)
"13 Nov, 2023",12.06,202.12,-190.06,120.82,25.51,95.31,19443.55-82 (-0.42%)
"13 Nov, 2023",12.06,202.12,-190.06,120.82,25.51,95.31,19443.55-82 (-0.42%)
"13 Nov, 2023",12.06,202.12,-190.06,120.82,25.51,95.31,19443.55-82 (-0.42%)
"13 Nov, 2023",12.06,202.12,-190.06,120.82,25.51,95.31,19443.55-82 (-0.42%)
"13 Nov, 2023",12.06,202.12,-190.06,120.82,25.51,95.31,19443.55-82 (-0.42%)
"13 Nov, 2023",12.06,202.12,-190.06,120.82,25.51,95.31,19443.55-82 (-0.42%)
"13 Nov, 2023",12.06,202.12,-190.06,120.82,25.51,95.31,19443.55-82 (-0.42%)
"13 Nov, 2023",12.06,202.12,-190.06,120.82,25.51,95.31,19443.55-82 (-0.42%)
"13 Nov, 2023",12.06,202.12,-190.06,120.82,25.51,95.31,19443.55-82 (-0.42%)
"13 Nov, 2023",12.06,202.12,-190.06,120.82,25.51,95.31,19443.55-82 (-0.42%)
"13 Nov, 2023",12.06,202.12,-190.06,120.82,25.51,95.31,19443.55-82 (-0.42%)
"13 Nov, 2023",12.06,202.12,-190.06,120.82,25.51,95.31,19443.55-82 (-0.42%)
"13 Nov, 2023",12.06,202.12,-190.06,120.82,25.51,95.31,19443.55-82 (-0.42%)
"13 Nov, 2023",12.06,202.12,-190.06,120.82,25.51,95.31,19443.55-82 (-0.42%)
"13 Nov, 2023",12.06,202.12,-190.06,120.82,25.51,95.31,19443.55-82 (-0.42%)
"13 Nov, 2023",12.06,202.12,-190.06,120.82,25.51,95.31,19443.55-82 (-0.42%)
"13 Nov, 2023",12.06,202.12,-190.06,120.82,25.51,95.31,19443.55-82 (-0.42%)
"13 Nov, 2023",12.06,202.12,-190.06,120.82,25.51,95.31,19443.55-82 (-0.42%)
"10 Nov, 2023",6583.57,6845.38,-261.81,6239.42,5416.78,822.64,19425.3530.05 (0.15%)
"09 Nov, 2023",7166.98,8879.31,-1712.33,7930.58,6418.44,1512.14,19395.3-48.2 (-0.25%)
"08 Nov, 2023",7467.02,7551.57,-84.55,7548.9,7024.43,524.47,19443.536.8 (0.19%)
"07 Nov, 2023",7580.65,8077.86,-497.21,8596.01,7895.73,700.28,19406.7-5.05 (-0.03%)
"06 Nov, 2023",7741.97,8291.34,-549.37,8311.28,7715.58,595.7,19411.75181.15 (0.94%)
"03 Nov, 2023",7739,7751.43,-12.43,7932.73,7530.04,402.69,19230.697.35 (0.51%)
"02 Nov, 2023",7857.27,9118.46,-1261.19,7012.69,5632.54,1380.15,19133.25144.1 (0.76%)
"01 Nov, 2023",6674.26,8491.17,-1816.91,7617.09,5995.04,1622.05,18989.15-90.45 (-0.47%)
,,,,,,,
"31 Oct, 2023",10940.2,11636.22,-696.02,6479.49,6139.24,340.25,19079.6-61.3 (-0.32%)
"30 Oct, 2023",6653.7,8415.56,-1761.86,7523.6,6195.13,1328.47,19140.993.65 (0.49%)
"27 Oct, 2023",9360.25,10860.38,-1500.13,7135.99,6822.3,313.69,19047.25190 (1.01%)
"26 Oct, 2023",10239.05,17941.58,-7702.53,13600.71,7042.26,6558.45,18857.25-264.9 (-1.39%)
"25 Oct, 2023",9075.61,13312.21,-4236.6,9638.55,6069.19,3569.36,19122.15-159.6 (-0.83%)
"23 Oct, 2023",8229.8,7977.55,252.25,8022.52,6910.68,1111.84,19281.75-260.9 (-1.34%)
"20 Oct, 2023",13645.57,13189.36,456.21,6870.72,6862.19,8.53,19542.65-82.05 (-0.42%)
"19 Oct, 2023",10102.11,11195.58,-1093.47,7249.75,6513.6,736.15,19624.7-46.4 (-0.24%)
"18 Oct, 2023",9761.24,11593.08,-1831.84,8166.53,6697.03,1469.5,19671.1-140.4 (-0.71%)
"17 Oct, 2023",8517.96,8254.28,263.68,6492.43,6379.88,112.55,19811.579.75 (0.4%)
"16 Oct, 2023",7013.59,7607.25,-593.66,6737.67,5553.43,1184.24,19731.75-19.3 (-0.1%)
"13 Oct, 2023",10317.87,10000.86,317.01,7660.98,7763.86,-102.88,19751.05-42.95 (-0.22%)
"12 Oct, 2023",8601.4,10463.97,-1862.57,8706.39,7174.31,1532.08,19794-17.35 (-0.09%)
"11 Oct, 2023",12526.94,12948.71,-421.77,8369.48,7337.46,1032.02,19811.35121.5 (0.62%)
"10 Oct, 2023",8067.15,9072.64,-1005.49,8623.58,6660.24,1963.34,19689.85177.5 (0.91%)
"09 Oct, 2023",5052.21,6049.97,-997.76,8216.6,5555.33,2661.27,19512.35-141.15 (-0.72%)
"06 Oct, 2023",6727.34,6817.63,-90.29,7150.57,6367.32,783.25,19653.5107.75 (0.55%)
"05 Oct, 2023",10304.08,12168.28,-1864.2,7787.18,7265.77,521.41,19545.75109.65 (0.56%)
"04 Oct, 2023",9848.55,14272.57,-4424.02,10050.08,8280.59,1769.49,19436.1-92.65 (-0.47%)
"03 Oct, 2023",9714.68,11748.82,-2034.14,9223.41,7862.39,1361.02,19528.75-109.55 (-0.56%)
,,,,,,,
"29 Sep, 2023",10058.35,11744.05,-1685.7,8788.5,6037.01,2751.49,19638.3114.75 (0.59%)
"28 Sep, 2023",10711.39,14075.61,-3364.22,15118.41,12406.93,2711.48,19523.55-192.9 (-0.98%)
"27 Sep, 2023",9575.17,9929.52,-354.35,8419.68,8033.4,386.28,19716.4551.75 (0.26%)
"26 Sep, 2023",8750.81,9444.28,-693.47,7502.47,6787.72,714.75,19664.7-9.85 (-0.05%)
"25 Sep, 2023",8510.65,10843.68,-2333.03,8621.77,7042.49,1579.28,19674.550.3 (0%)
"22 Sep, 2023",10840.2,12166.94,-1326.74,7902.06,7100.79,801.27,19674.25-68.1 (-0.34%)
"21 Sep, 2023",9132.58,12139.94,-3007.36,7860.39,6702.25,1158.14,19742.35-159.05 (-0.8%)
"20 Sep, 2023",15769.17,18879.86,-3110.69,10052.34,10625.36,-573.02,19901.4-231.9 (-1.15%)
"18 Sep, 2023",7520.34,8756.85,-1236.51,8097.08,7544.53,552.55,20133.3-59.05 (-0.29%)
"15 Sep, 2023",33124.28,32959.86,164.42,12082.64,10144.07,1938.57,20192.3589.25 (0.44%)
"14 Sep, 2023",9870,9575.31,294.69,6943.14,6993.94,-50.8,20103.133.1 (0.16%)
"13 Sep, 2023",10375.25,12006.88,-1631.63,8104.69,7254.83,849.86,2007076.8 (0.38%)
"12 Sep, 2023",13653.37,14700.56,-1047.19,10340.99,10081.51,259.48,19993.2-3.15 (-0.02%)
"11 Sep, 2023",11469.51,9996.42,1473.09,8522.4,8156.16,366.24,19996.35176.4 (0.89%)
"08 Sep, 2023",9850.49,10074.71,-224.22,8324.05,7173.9,1150.15,19819.9592.9 (0.47%)
"07 Sep, 2023",9005.65,9764.2,-758.55,7203.95,7175.84,28.11,19727.05116 (0.59%)
"06 Sep, 2023",9994.21,13240.07,-3245.86,10202.87,10450.33,-247.46,19611.0536.15 (0.18%)
"05 Sep, 2023",8414.44,10139.55,-1725.11,8580.69,7502.83,1077.86,19574.946.1 (0.24%)
"04 Sep, 2023",6833.29,10200.96,-3367.67,10461.54,7898.06,2563.48,19528.893.5 (0.48%)
"01 Sep, 2023",15219.61,14731.67,487.94,10888.79,8593.86,2294.93,19435.3181.5 (0.94%)
,,,,,,,
"31 Aug, 2023",47666.11,50639.21,-2973.1,16236.73,11853.97,4382.76,19253.8-93.65 (-0.48%)
"30 Aug, 2023",10211.33,10706.01,-494.68,8713.38,7390.14,1323.24,19347.454.8 (0.02%)
"29 Aug, 2023",10515.48,10453.97,61.51,8131.87,7826.78,305.09,19342.6536.6 (0.19%)
"28 Aug, 2023",10235.41,11628.66,-1393.25,7711.28,6447.27,1264.01,19306.0540.25 (0.21%)
"25 Aug, 2023",10929.61,15567.82,-4638.21,8542.44,7128.09,1414.35,19265.8-120.9 (-0.62%)
"24 Aug, 2023",12992.74,11467.87,1524.87,13050.83,7254.22,5796.61,19386.7-57.3 (-0.29%)
"23 Aug, 2023",9419.37,8805.05,614.32,7228.77,7103.74,125.03,1944447.55 (0.25%)
"22 Aug, 2023",8854.08,9349.25,-495.17,6027.22,5493.47,533.75,19396.452.85 (0.01%)
"21 Aug, 2023",8074.95,9976.05,-1901.1,6157.4,5531.15,626.25,19393.683.45 (0.43%)
"18 Aug, 2023",12302.17,12569.15,-266.98,6501,6161.82,339.18,19310.15-55.1 (-0.28%)
"17 Aug, 2023",11205.13,12715.99,-1510.86,6293.38,6607.35,-313.97,19365.25-99.75 (-0.51%)
"16 Aug, 2023",21055.98,20333.22,722.76,7977.67,5571.48,2406.19,1946530.45 (0.16%)
"14 Aug, 2023",7334.69,9658.92,-2324.23,7640.85,6179.95,1460.9,19434.556.25 (0.03%)
"11 Aug, 2023",9508.14,12581.42,-3073.28,8828.21,8327.86,500.35,19428.3-114.8 (-0.59%)
"10 Aug, 2023",11533.43,11202.21,331.22,9153.78,8450.06,703.72,19543.1-89.45 (-0.46%)
"09 Aug, 2023",9342.47,8698.36,644.11,8041.44,8639.32,-597.88,19632.5561.7 (0.32%)
"08 Aug, 2023",10721.75,11433.09,-711.34,8809.11,8271.8,537.31,19570.85-26.45 (-0.13%)
"07 Aug, 2023",11709.39,13602.16,-1892.77,7491.4,6410.6,1080.8,19597.380.3 (0.41%)
"04 Aug, 2023",8674.23,9230.55,-556.32,8378.65,8012.04,366.61,19517135.35 (0.7%)
"03 Aug, 2023",11379.3,11696.76,-317.46,9582.3,7853.11,1729.19,19381.65-144.9 (-0.74%)
"02 Aug, 2023",8266.22,10144.06,-1877.84,9312.5,9314.73,-2.23,19526.55-207 (-1.05%)
"01 Aug, 2023",8655.19,8748.04,-92.85,8156.13,7120.44,1035.69,19733.55-20.25 (-0.1%)
,,,,,,,
"31 Jul, 2023",12087.69,12788.86,-701.17,9236.88,6748.81,2488.07,19753.8107.75 (0.55%)
"28 Jul, 2023",9267.42,10291.33,-1023.91,8813.04,7178.67,1634.37,19646.05-13.85 (-0.07%)
"27 Jul, 2023",11640.43,15619.87,-3979.44,9281.77,6753.62,2528.15,19659.9-118.4 (-0.6%)
"26 Jul, 2023",8700.87,7778.03,922.84,7529.42,7059.32,470.1,19778.397.7 (0.5%)
"25 Jul, 2023",10471.84,9383.08,1088.76,7793.68,8127.38,-333.7,19680.68.25 (0.04%)
"24 Jul, 2023",9719.18,9802.14,-82.96,8655.89,7721.02,934.87,19672.35-72.65 (-0.37%)
"21 Jul, 2023",10020.4,12019.17,-1998.77,10532.48,9241.75,1290.73,19745-234.15 (-1.17%)
"20 Jul, 2023",11423.73,8052.83,3370.9,8102.27,8295.29,-193.02,19979.15146 (0.74%)
"19 Jul, 2023",8973.07,7807.6,1165.47,6389.07,8523.61,-2134.54,19833.1583.9 (0.42%)
"18 Jul, 2023",11070.61,8954.77,2115.84,6778.4,8095.96,-1317.56,19749.2537.8 (0.19%)
"17 Jul, 2023",8286.36,8213.36,73,7182.87,7118.53,64.34,19711.45146.95 (0.75%)
"14 Jul, 2023",12486,9849.57,2636.43,7333.85,8106.3,-772.45,19564.5150.75 (0.78%)
"13 Jul, 2023",10128.06,7890.13,2237.93,8229.67,9426.35,-1196.68,19413.7529.45 (0.15%)
"12 Jul, 2023",18217.66,19460.1,-1242.44,15051.19,14614.48,436.71,19384.3-55.1 (-0.28%)
"11 Jul, 2023",10839.74,9642.36,1197.38,9758.83,9766.08,-7.25,19439.483.5 (0.43%)
"10 Jul, 2023",8128.05,7539.57,588.48,8074.49,7786.11,288.38,19355.924.1 (0.12%)
"07 Jul, 2023",9590.27,8799.87,790.4,6244.19,9208.42,-2964.23,19331.8-165.5 (-0.85%)
"06 Jul, 2023",12337.96,9696.91,2641.05,8247.14,10598.8,-2351.66,19497.398.8 (0.51%)
"05 Jul, 2023",8742.32,7139.17,1603.15,7983.81,8422.82,-439.01,19398.59.5 (0.05%)
"04 Jul, 2023",8783.66,6649.33,2134.33,7026.14,7811.62,-785.48,1938966.45 (0.34%)
"03 Jul, 2023",7533.91,5537.99,1995.92,7031.9,7369.7,-337.8,19322.55133.5 (0.7%)
,,,,,,,
"30 Jun, 2023",19439.74,13042.61,6397.13,10469.81,9272.17,1197.64,19189.05216.95 (1.14%)
"28 Jun, 2023",21017.34,8667.34,12350,13978.21,14999.22,-1021.01,18972.1154.7 (0.82%)
"27 Jun, 2023",10452.72,8428.67,2024.05,6784.35,8775.7,-1991.35,18817.4126.2 (0.68%)
"26 Jun, 2023",7896.65,8306.08,-409.43,5455.86,5205.74,250.12,18691.225.7 (0.14%)
"23 Jun, 2023",6263.33,6608.14,-344.81,6694.19,7378.2,-684.01,18665.5-105.75 (-0.56%)
"22 Jun, 2023",8947.66,9640.94,-693.28,7147.83,6928.41,219.42,18771.25-85.6 (-0.45%)
"21 Jun, 2023",13795.52,9782.42,4013.1,7704.86,7154.5,550.36,18856.8540.15 (0.21%)
"20 Jun, 2023",11733.88,13676.5,-1942.62,9851.71,7879.2,1972.51,18816.761.25 (0.33%)
"19 Jun, 2023",8354.9,9385.8,-1030.9,6412.2,6777.4,-365.2,18755.45-70.55 (-0.37%)
"16 Jun, 2023",17939.03,17144.25,794.78,7945.59,7264.26,681.33,18826137.9 (0.74%)
"15 Jun, 2023",12641.91,9556.4,3085.51,6798.75,7096.63,-297.88,18688.1-67.8 (-0.36%)
"14 Jun, 2023",10413.72,8699,1714.72,6242.94,6897.71,-654.77,18755.939.75 (0.21%)
"13 Jun, 2023",12967.79,11290.19,1677.6,6753.95,6957.27,-203.32,18716.15114.65 (0.62%)
"12 Jun, 2023",6321.86,6948.48,-626.62,6663.64,4869.79,1793.85,18601.538.1 (0.21%)
"09 Jun, 2023",13631.62,13940.59,-308.97,6234.12,4988.61,1245.51,18563.4-71.15 (-0.38%)
"08 Jun, 2023",8013.28,7800.88,212.4,5461.85,5866.86,-405.01,18634.55-91.85 (-0.49%)
"07 Jun, 2023",9569.91,8187.34,1382.57,5931.8,5539.5,392.3,18726.4127.4 (0.68%)
"06 Jun, 2023",8963.44,8577.73,385.71,5946.73,6435.75,-489.02,185995.15 (0.03%)
"05 Jun, 2023",7740.87,8441.85,-700.98,7460.68,6264.7,1195.98,18593.8559.75 (0.32%)
"02 Jun, 2023",10393.93,11052.81,-658.88,6951.54,6369.69,581.85,18534.146.35 (0.25%)
"01 Jun, 2023",8751.66,8822.73,-71.07,5715.08,5226.15,488.93,18487.75-46.65 (-0.25%)
,,,,,,,
"31 May, 2023",65024.36,61618.46,3405.9,11726.46,14254.98,-2528.52,18534.4-99.45 (-0.53%)
"30 May, 2023",9789.47,7703.85,2085.62,5937.03,6375.96,-438.93,18633.8535.2 (0.19%)
"29 May, 2023",7767,6008.84,1758.16,6217.74,5364.17,853.57,18598.6599.3 (0.54%)
"26 May, 2023",8203.32,7853.17,350.15,7705.6,5864.62,1840.98,18499.35178.2 (0.97%)
"25 May, 2023",8521.07,7931.97,589.1,5522.8,5184.36,338.44,18321.1535.75 (0.2%)
"24 May, 2023",8548.49,7362.65,1185.84,5880.82,5579.89,300.93,18285.4-62.6 (-0.34%)
"23 May, 2023",7829.51,7647,182.51,5543.09,5145.8,397.29,1834833.6 (0.18%)
"22 May, 2023",6956.61,6033.72,922.89,5486.82,4882.25,604.57,18314.4111 (0.61%)
"19 May, 2023",7325.4,7438.86,-113.46,6427.8,5356.45,1071.35,18203.473.45 (0.41%)
"18 May, 2023",7731.46,6761.28,970.18,4830.85,5680.81,-849.96,18129.95-51.8 (-0.28%)
"17 May, 2023",7478.25,7328.92,149.33,6046.8,6250.67,-203.87,18181.75-104.75 (-0.57%)
"16 May, 2023",7783.16,6376.3,1406.86,6138.61,7024.78,-886.17,18286.5-112.35 (-0.61%)
"15 May, 2023",7676.34,5991.05,1685.29,5505.55,5314.35,191.2,18398.8584.05 (0.46%)
"12 May, 2023",9159.49,8145.43,1014.06,5457.4,6379.59,-922.19,18314.817.8 (0.1%)
"11 May, 2023",7950.84,7113.63,837.21,7026.38,7226.47,-200.09,18297-18.1 (-0.1%)
"10 May, 2023",8094.74,6261.61,1833.13,5061.73,5851.4,-789.67,18315.149.15 (0.27%)
"09 May, 2023",9375.35,7433.16,1942.19,7148.35,6743.65,404.7,18265.951.55 (0.01%)
"08 May, 2023",8705.37,6581.61,2123.76,6252.52,6007.25,245.27,18264.4195.4 (1.08%)
"05 May, 2023",8242.95,7465.27,777.68,4956.49,7155.26,-2198.77,18069-186.8 (-1.02%)
"04 May, 2023",7311.04,5896.31,1414.73,5611.15,5169.59,441.56,18255.8165.95 (0.92%)
"03 May, 2023",7498.83,6160.83,1338,5390.76,5974.75,-583.99,18089.85-57.8 (-0.32%)
"02 May, 2023",9972.5,7975.15,1997.35,5649.54,6043.59,-394.05,18147.6582.65 (0.46%)
,,,,,,,
"28 Apr, 2023",13577.29,10272.97,3304.32,6319.21,6054.94,264.27,18065149.95 (0.84%)
"27 Apr, 2023",7139.97,5487.02,1652.95,5638.01,5540.94,97.07,17915.05101.45 (0.57%)
"26 Apr, 2023",7813.62,6556.14,1257.48,5220.23,5448.11,-227.88,17813.644.35 (0.25%)
"25 Apr, 2023",9244.21,9651.56,-407.35,6547.47,5983.86,563.61,17769.2525.85 (0.15%)
"24 Apr, 2023",6218.8,6631.07,-412.27,6138.64,4961.46,1177.18,17743.4119.35 (0.68%)
"21 Apr, 2023",5127.72,7244.48,-2116.76,5475.84,3843.18,1632.66,17624.05-0.4 (0%)
"20 Apr, 2023",5773.84,6943.16,-1169.32,4753.35,3920.63,832.72,17624.455.7 (0.03%)
"19 Apr, 2023",7981.93,7995.1,-13.17,5297.87,5408.29,-110.42,17618.75-41.4 (-0.23%)
"18 Apr, 2023",7398.08,8208.68,-810.6,6490.97,6089.31,401.66,17660.15-46.7 (-0.26%)
"17 Apr, 2023",13386.64,13919.84,-533.2,8329.95,8060.3,269.65,17706.85-121.15 (-0.68%)
"13 Apr, 2023",8033.11,7811.26,221.85,6526.46,6800.14,-273.68,1782815.6 (0.09%)
"12 Apr, 2023",8459.37,6551.42,1907.95,7428.04,7653.26,-225.22,17812.490.1 (0.51%)
"11 Apr, 2023",6931.95,6589.11,342.84,7786.89,8050.91,-264.02,17722.398.25 (0.56%)
"10 Apr, 2023",4057.8,3175.28,882.52,7060.71,6709.21,351.5,17624.0524.9 (0.14%)
"06 Apr, 2023",5655.59,5179.78,475.81,5642.16,6639.24,-997.08,17599.1542.1 (0.24%)
"05 Apr, 2023",7383.8,6576.98,806.82,7231.94,8179.15,-947.21,17557.05159 (0.91%)
"03 Apr, 2023",4856.03,4534.1,321.93,5195.98,5524.22,-328.24,17398.0538.3 (0.22%)
,,,,,,,
"31 Mar, 2023",11402.22,11044.36,357.86,8212.34,5732.38,2479.96,17359.75279.05 (1.63%)
"29 Mar, 2023",9096.96,7851.57,1245.39,10196.06,9373.07,822.99,17080.7129 (0.76%)
"28 Mar, 2023",7055.25,5524.12,1531.13,4637.91,4794.02,-156.11,16951.7-34 (-0.2%)
"27 Mar, 2023",4883.36,5774,-890.64,5375.63,3566.69,1808.94,16985.740.65 (0.24%)
"24 Mar, 2023",5290.76,7011.2,-1720.44,5418.24,2862.71,2555.53,16945.05-131.85 (-0.77%)
"23 Mar, 2023",5939.87,6934.88,-995.01,6185.11,4516.26,1668.85,17076.9-75 (-0.44%)
"22 Mar, 2023",6159.55,6097.83,61.72,4755.39,4371.88,383.51,17151.944.4 (0.26%)
"21 Mar, 2023",5900.64,7355.27,-1454.63,7628.22,5682.16,1946.06,17107.5119.1 (0.7%)
"20 Mar, 2023",4747.89,7293.76,-2545.87,9105.37,6228.73,2876.64,16988.4-111.65 (-0.65%)
"17 Mar, 2023",18734.4,20500.93,-1766.53,9693.46,7876.32,1817.14,17100.05114.45 (0.67%)
"16 Mar, 2023",7993.16,8275.22,-282.06,9226.46,7175.01,2051.45,16985.613.45 (0.08%)
"15 Mar, 2023",5769.42,7040.67,-1271.25,6343.8,4519.86,1823.94,16972.15-71.15 (-0.42%)
"14 Mar, 2023",6737.37,9824.33,-3086.96,7024.22,4902.28,2121.94,17043.3-111 (-0.65%)
"13 Mar, 2023",10135.27,11682.13,-1546.86,7476.55,6057.97,1418.58,17154.3-258.6 (-1.49%)
"10 Mar, 2023",5117.34,7178.81,-2061.47,5167.71,3817.58,1350.13,17412.9-176.7 (-1%)
"09 Mar, 2023",7570.52,8132.3,-561.78,4606.7,4564.29,42.41,17589.6-164.8 (-0.93%)
"08 Mar, 2023",11451,7779.44,3671.56,4625.58,5563.38,-937.8,17754.442.95 (0.24%)
"06 Mar, 2023",7035.15,6313.78,721.37,5659.58,4902.35,757.23,17711.45117.1 (0.67%)
"03 Mar, 2023",6969.39,6723.15,246.24,5869.61,3779.69,2089.92,17594.35272.45 (1.57%)
"02 Mar, 2023",20596.11,7825.3,12770.81,5948.15,3819.35,2128.8,17321.9-129 (-0.74%)
"01 Mar, 2023",6953.43,7378.31,-424.88,5918.73,4420.07,1498.66,17450.9146.95 (0.85%)
,,,,,,,
"28 Feb, 2023",18558.96,23118.17,-4559.21,9307.91,4698.04,4609.87,17303.95-88.75 (-0.51%)
"27 Feb, 2023",4315.2,6337.72,-2022.52,6621.25,4389.59,2231.66,17392.7-73.1 (-0.42%)
"24 Feb, 2023",8864.6,10334.94,-1470.34,5875.05,4474.07,1400.98,17465.8-45.45 (-0.26%)
"23 Feb, 2023",6791.35,8208.59,-1417.24,7010.44,5424.38,1586.06,17511.25-43.05 (-0.25%)
"22 Feb, 2023",6195.54,6775.36,-579.82,5711.53,5339.97,371.56,17554.3-272.4 (-1.53%)
"21 Feb, 2023",5465.61,4939.81,525.8,5318.43,5553.66,-235.23,17826.7-17.9 (-0.1%)
"20 Feb, 2023",4256.62,4415.57,-158.95,4980.3,4894.07,86.23,17844.6-99.6 (-0.56%)
"17 Feb, 2023",4809.72,5434.33,-624.61,5540.77,5626.06,-85.29,17944.2-91.65 (-0.51%)
"16 Feb, 2023",8580.54,7009.92,1570.62,7759.7,6182.43,1577.27,18035.8520 (0.11%)
"15 Feb, 2023",8547.86,8115.71,432.15,5880.41,5363.77,516.64,18015.8586 (0.48%)
"14 Feb, 2023",8418.32,7113.02,1305.3,5042.49,4837.7,204.79,17929.85158.95 (0.89%)
"13 Feb, 2023",7386.63,6064.24,1322.39,5361.52,4839.83,521.69,17770.9-85.6 (-0.48%)
"10 Feb, 2023",7700.57,6242.55,1458.02,4882.41,5173.75,-291.34,17856.5-36.95 (-0.21%)
"09 Feb, 2023",7049.05,7193.78,-144.73,5589.08,5794.33,-205.25,17893.4521.75 (0.12%)
"08 Feb, 2023",7617.8,8354.62,-736.82,6154.12,5212.96,941.16,17871.7150.2 (0.85%)
"07 Feb, 2023",7126.37,9686.33,-2559.96,6009.7,5369.88,639.82,17721.5-43.1 (-0.24%)
"06 Feb, 2023",6853.35,8071.49,-1218.14,5771.18,4568.09,1203.09,17764.6-89.45 (-0.5%)
"03 Feb, 2023",9482.09,10414.53,-932.44,7473.98,6209.24,1264.74,17854.05243.65 (1.38%)
"02 Feb, 2023",9780.82,12846.17,-3065.35,9470.68,7099.32,2371.36,17610.4-5.9 (-0.03%)
"01 Feb, 2023",14366.67,12581.46,1785.21,10711.5,10182.03,529.47,17616.3-45.85 (-0.26%)
,,,,,,,
"31 Jan, 2023",14776.22,20215.86,-5439.64,10974.09,6467.78,4506.31,17662.1513.2 (0.07%)
"30 Jan, 2023",10904.18,17696.98,-6792.8,11487.01,5974.38,5512.63,17648.9544.6 (0.25%)
"27 Jan, 2023",12414.78,18392.64,-5977.86,12373.41,8121.08,4252.33,17604.35-287.6 (-1.61%)
"25 Jan, 2023",5859.15,8253.09,-2393.94,8111.61,6733.12,1378.49,17891.95-226.35 (-1.25%)
"24 Jan, 2023",6403.88,7164.39,-760.51,6849.63,5704.88,1144.75,18118.3-0.25 (0%)
"23 Jan, 2023",5803.43,6023.3,-219.87,5925.39,5490.43,434.96,18118.5590.9 (0.5%)
"20 Jan, 2023",8288.8,10291.05,-2002.25,5809.29,4299.34,1509.95,18027.65-80.2 (-0.44%)
"19 Jan, 2023",7780.87,7380.89,399.98,4321.53,4450.49,-128.96,18107.85-57.5 (-0.32%)
"18 Jan, 2023",8386.64,8705.87,-319.23,6873.15,5647.19,1225.96,18165.35112.05 (0.62%)
"17 Jan, 2023",8445.26,8234.2,211.06,5239.45,5148.64,90.81,18053.3158.45 (0.89%)
"16 Jan, 2023",6260.07,7010.66,-750.59,5220.03,4534.07,685.96,17894.85-61.75 (-0.34%)
"13 Jan, 2023",9305.72,11728.11,-2422.39,5700.6,3747.2,1953.4,17956.698.4 (0.55%)
"12 Jan, 2023",8707.37,10370,-1662.63,6087.85,3960.2,2127.65,17858.2-37.5 (-0.21%)
"11 Jan, 2023",6980.52,10188.67,-3208.15,6859.92,4429.3,2430.62,17895.7-18.45 (-0.1%)
"10 Jan, 2023",6287.46,8396.8,-2109.34,6558.15,4751.53,1806.62,17914.15-187.05 (-1.03%)
"09 Jan, 2023",8643.63,8846.76,-203.13,6476.52,4752.73,1723.79,18101.2241.75 (1.35%)
"06 Jan, 2023",3855.85,6758.31,-2902.46,6638.39,5555.22,1083.17,17859.45-132.7 (-0.74%)
"05 Jan, 2023",7275.08,8724.53,-1449.45,6898.17,7092.26,-194.09,17992.15-50.8 (-0.28%)
"04 Jan, 2023",4508.21,7129.1,-2620.89,5601.36,4827.78,773.58,18042.95-189.6 (-1.04%)
"03 Jan, 2023",3077.09,3705.16,-628.07,5243.44,4892.87,350.57,18232.5535.1 (0.19%)
"02 Jan, 2023",1381.14,1593.71,-212.57,4660.71,3917.36,743.35,18197.4592.15 (0.51%)
,,,,,,,
"30 Dec, 2022",2252.66,5203.55,-2950.89,5715.85,3449.65,2266.2,18105.3-85.7 (-0.47%)
"29 Dec, 2022",4288.43,4861.21,-572.78,9634.45,9118.62,515.83,1819168.5 (0.38%)
"28 Dec, 2022",4202.71,5075.3,-872.59,4358.43,3985.56,372.87,18122.5-9.8 (-0.05%)
"27 Dec, 2022",2122.71,2990.36,-867.65,4402.91,3781.1,621.81,18132.3117.7 (0.65%)
"26 Dec, 2022",1769.08,2266.73,-497.65,5338.79,4053.05,1285.74,18014.6207.8 (1.17%)
"23 Dec, 2022",4131.62,4838.46,-706.84,7810.07,4411.09,3398.98,17806.8-320.55 (-1.77%)
"22 Dec, 2022",5389.99,4461.36,928.63,6606.9,4400.31,2206.59,18127.35-71.75 (-0.39%)
"21 Dec, 2022",4737.71,5856.82,-1119.11,6494.78,4737.41,1757.37,18199.1-186.2 (-1.01%)
"20 Dec, 2022",5678.42,5222.48,455.94,4951.34,4456.6,494.74,18385.3-35.15 (-0.19%)
"19 Dec, 2022",5276.33,5814.43,-538.1,4616.32,3928.94,687.38,18420.45151.45 (0.83%)
"16 Dec, 2022",10602.07,12577.51,-1975.44,7954.78,6412.28,1542.5,18269-145.9 (-0.79%)
"15 Dec, 2022",7387.82,8098.56,-710.74,4918.27,4657.35,260.92,18414.9-245.4 (-1.32%)
"14 Dec, 2022",7620.65,7248.49,372.16,6324.02,5397.57,926.45,18660.352.3 (0.28%)
"13 Dec, 2022",9675.09,9055.17,619.92,4933.37,4896.62,36.75,18608110.85 (0.6%)
"12 Dec, 2022",6982.52,7121.33,-138.81,5307.85,4612.25,695.6,18497.150.55 (0%)
"09 Dec, 2022",7515.54,7673.55,-158.01,6555.25,6053.62,501.63,18496.6-112.75 (-0.61%)
"08 Dec, 2022",8714.35,9846.02,-1131.67,6297.04,5524.75,772.29,18609.3548.85 (0.26%)
"07 Dec, 2022",6439.64,7681.51,-1241.87,5832.75,5443.9,388.85,18560.5-82.25 (-0.44%)
"06 Dec, 2022",7190.92,7826.27,-635.35,5627.26,6185.93,-558.67,18642.75-58.3 (-0.31%)
"05 Dec, 2022",8618.79,9757.86,-1139.07,7193.09,4585.11,2607.98,18701.054.95 (0.03%)
"02 Dec, 2022",10621.2,10406.44,214.76,5887.92,5175.58,712.34,18696.1-116.4 (-0.62%)
"01 Dec, 2022",7873.15,9439.08,-1565.93,9539.53,6874.55,2664.98,18812.554.15 (0.29%)
,,,,,,,
"30 Nov, 2022",39665.79,30655.38,9010.41,6841.34,10897.74,-4056.4,18758.35140.3 (0.75%)
"29 Nov, 2022",6600.32,5358.75,1241.57,5682.24,6426.66,-744.42,18618.0555.3 (0.3%)
"28 Nov, 2022",7780.3,6844.42,935.88,6377.54,6289.61,87.93,18562.7550 (0.27%)
"25 Nov, 2022",5715.97,5346.89,369.08,5358.11,5654.03,-295.92,18512.7528.65 (0.15%)
"24 Nov, 2022",6471.93,5239.95,1231.98,5850.7,6086.36,-235.66,18484.1216.85 (1.19%)
"23 Nov, 2022",7231.13,8020.99,-789.86,6123.98,5710.23,413.75,18267.2523.05 (0.13%)
"22 Nov, 2022",7288.52,7986.35,-697.83,5334.42,4698.03,636.39,18244.284.25 (0.46%)
"21 Nov, 2022",4890.72,6484.55,-1593.83,5991.73,4728.82,1262.91,18159.95-147.7 (-0.81%)
"18 Nov, 2022",7196.95,7948.15,-751.2,6098.43,5207.98,890.45,18307.65-36.25 (-0.2%)
"17 Nov, 2022",7595.66,6977.29,618.37,5433.88,4984.66,449.22,18343.9-65.75 (-0.36%)
"16 Nov, 2022",7929.75,8315.81,-386.06,6836.74,5399.34,1437.4,18409.656.25 (0.03%)
"15 Nov, 2022",7660.14,7881.46,-221.32,4851.11,5400.39,-549.28,18403.474.25 (0.41%)
"14 Nov, 2022",21769.03,20679.62,1089.41,5841.18,5794,47.18,18329.15-20.55 (-0.11%)
"11 Nov, 2022",12533.98,8575.75,3958.23,9849.11,9233.57,615.54,18349.7321.5 (1.78%)
"10 Nov, 2022",7068.96,7032.9,36.06,5976.85,6943.98,-967.13,18028.2-128.8 (-0.71%)
"09 Nov, 2022",9279.08,8892.25,386.83,6545.43,7605.55,-1060.12,18157-45.8 (-0.25%)
"07 Nov, 2022",9085.72,7137.21,1948.51,5814,6658.2,-844.2,18202.885.65 (0.47%)
"04 Nov, 2022",7418.79,5982.54,1436.25,5706.31,6254.9,-548.59,18117.1564.45 (0.36%)
"03 Nov, 2022",18495.14,17817.52,677.62,5015.94,5748.05,-732.11,18052.7-30.15 (-0.17%)